fecha,pais,id_campaña,canal,gasto
2025-01-01,Mexico,Organic_Mexico,Organic,2446.25
2025-01-01,Mexico,Paid_Search_Mexico,Paid_Search,2704.34
2025-01-01,Mexico,Social_Mexico,Social,2045.01
2025-01-01,Colombia,Organic_Colombia,Organic,2597.21
2025-01-01,Colombia,Paid_Search_Colombia,Paid_Search,1771.4
2025-01-01,Colombia,Social_Colombia,Social,833.38
2025-01-01,Argentina,Organic_Argentina,Organic,1365.62
2025-01-01,Argentina,Paid_Search_Argentina,Paid_Search,1282.65
2025-01-01,Argentina,Social_Argentina,Social,1534.69
2025-01-02,Mexico,Organic_Mexico,Organic,2537.38
2025-01-02,Mexico,Paid_Search_Mexico,Paid_Search,1689.07
2025-01-02,Mexico,Social_Mexico,Social,2413.74
2025-01-02,Colombia,Organic_Colombia,Organic,1020.04
2025-01-02,Colombia,Paid_Search_Colombia,Paid_Search,1573.18
2025-01-02,Colombia,Social_Colombia,Social,726.68
2025-01-02,Argentina,Organic_Argentina,Organic,2295.15
2025-01-02,Argentina,Paid_Search_Argentina,Paid_Search,2114.02
2025-01-02,Argentina,Social_Argentina,Social,1020.97
2025-01-03,Mexico,Organic_Mexico,Organic,607.52
2025-01-03,Mexico,Paid_Search_Mexico,Paid_Search,690.46
2025-01-03,Mexico,Social_Mexico,Social,2875.31
2025-01-03,Colombia,Organic_Colombia,Organic,695.69
2025-01-03,Colombia,Paid_Search_Colombia,Paid_Search,603.17
2025-01-03,Colombia,Social_Colombia,Social,1055.99
2025-01-03,Argentina,Organic_Argentina,Organic,2303.86
2025-01-03,Argentina,Paid_Search_Argentina,Paid_Search,682.52
2025-01-03,Argentina,Social_Argentina,Social,1483.57
2025-01-04,Mexico,Organic_Mexico,Organic,1451.23
2025-01-04,Mexico,Paid_Search_Mexico,Paid_Search,2001.64
2025-01-04,Mexico,Social_Mexico,Social,1504.53
2025-01-04,Colombia,Organic_Colombia,Organic,1743.33
2025-01-04,Colombia,Paid_Search_Colombia,Paid_Search,2167.46
2025-01-04,Colombia,Social_Colombia,Social,2524.27
2025-01-04,Argentina,Organic_Argentina,Organic,1056.76
2025-01-04,Argentina,Paid_Search_Argentina,Paid_Search,1025.27
2025-01-04,Argentina,Social_Argentina,Social,964.01
2025-01-05,Mexico,Organic_Mexico,Organic,551.18
2025-01-05,Mexico,Paid_Search_Mexico,Paid_Search,1023.54
2025-01-05,Mexico,Social_Mexico,Social,2337.62
2025-01-05,Colombia,Organic_Colombia,Organic,2082.49
2025-01-05,Colombia,Paid_Search_Colombia,Paid_Search,2519.19
2025-01-05,Colombia,Social_Colombia,Social,1297.61
2025-01-05,Argentina,Organic_Argentina,Organic,2733.78
2025-01-05,Argentina,Paid_Search_Argentina,Paid_Search,727.99
2025-01-05,Argentina,Social_Argentina,Social,765.51
2025-01-06,Mexico,Organic_Mexico,Organic,1258.58
2025-01-06,Mexico,Paid_Search_Mexico,Paid_Search,2832.68
2025-01-06,Mexico,Social_Mexico,Social,2255.35
2025-01-06,Colombia,Organic_Colombia,Organic,1963.21
2025-01-06,Colombia,Paid_Search_Colombia,Paid_Search,2722.75
2025-01-06,Colombia,Social_Colombia,Social,2865.75
2025-01-06,Argentina,Organic_Argentina,Organic,2356.84
2025-01-06,Argentina,Paid_Search_Argentina,Paid_Search,1572.76
2025-01-06,Argentina,Social_Argentina,Social,532.18
2025-01-07,Mexico,Organic_Mexico,Organic,2515.54
2025-01-07,Mexico,Paid_Search_Mexico,Paid_Search,1133.93
2025-01-07,Mexico,Social_Mexico,Social,1994.01
2025-01-07,Colombia,Organic_Colombia,Organic,1869.52
2025-01-07,Colombia,Paid_Search_Colombia,Paid_Search,1959.43
2025-01-07,Colombia,Social_Colombia,Social,2239.17
2025-01-07,Argentina,Organic_Argentina,Organic,1682.92
2025-01-07,Argentina,Paid_Search_Argentina,Paid_Search,2181.47
2025-01-07,Argentina,Social_Argentina,Social,1265.21
2025-01-08,Mexico,Organic_Mexico,Organic,2879.73
2025-01-08,Mexico,Paid_Search_Mexico,Paid_Search,1003.16
2025-01-08,Mexico,Social_Mexico,Social,1147.28
2025-01-08,Colombia,Organic_Colombia,Organic,2297.81
2025-01-08,Colombia,Paid_Search_Colombia,Paid_Search,1949.01
2025-01-08,Colombia,Social_Colombia,Social,2038.05
2025-01-08,Argentina,Organic_Argentina,Organic,1725.48
2025-01-08,Argentina,Paid_Search_Argentina,Paid_Search,2558.56
2025-01-08,Argentina,Social_Argentina,Social,2136.17
2025-01-09,Mexico,Organic_Mexico,Organic,2649.2
2025-01-09,Mexico,Paid_Search_Mexico,Paid_Search,1993.03
2025-01-09,Mexico,Social_Mexico,Social,2144.51
2025-01-09,Colombia,Organic_Colombia,Organic,1560.15
2025-01-09,Colombia,Paid_Search_Colombia,Paid_Search,1114.57
2025-01-09,Colombia,Social_Colombia,Social,935.34
2025-01-09,Argentina,Organic_Argentina,Organic,2418.51
2025-01-09,Argentina,Paid_Search_Argentina,Paid_Search,2456.48
2025-01-09,Argentina,Social_Argentina,Social,1398.62
2025-01-10,Mexico,Organic_Mexico,Organic,2468.1
2025-01-10,Mexico,Paid_Search_Mexico,Paid_Search,2625.72
2025-01-10,Mexico,Social_Mexico,Social,2722.09
2025-01-10,Colombia,Organic_Colombia,Organic,1891.16
2025-01-10,Colombia,Paid_Search_Colombia,Paid_Search,2563.75
2025-01-10,Colombia,Social_Colombia,Social,2625.36
2025-01-10,Argentina,Organic_Argentina,Organic,2169.85
2025-01-10,Argentina,Paid_Search_Argentina,Paid_Search,2767.74
2025-01-10,Argentina,Social_Argentina,Social,799.02
2025-01-11,Mexico,Organic_Mexico,Organic,2383.14
2025-01-11,Mexico,Paid_Search_Mexico,Paid_Search,2096.82
2025-01-11,Mexico,Social_Mexico,Social,2459.36
2025-01-11,Colombia,Organic_Colombia,Organic,683.97
2025-01-11,Colombia,Paid_Search_Colombia,Paid_Search,1555.56
2025-01-11,Colombia,Social_Colombia,Social,2210.19
2025-01-11,Argentina,Organic_Argentina,Organic,1321.93
2025-01-11,Argentina,Paid_Search_Argentina,Paid_Search,1734.96
2025-01-11,Argentina,Social_Argentina,Unknown,849.7
2025-01-12,Mexico,Organic_Mexico,Unknown,2033.56
2025-01-12,Mexico,Paid_Search_Mexico,Unknown,1260.65
2025-01-12,Mexico,Social_Mexico,Unknown,1660.9
2025-01-12,Colombia,Organic_Colombia,Unknown,1819.27
2025-01-12,Colombia,Paid_Search_Colombia,Unknown,1583.33
2025-01-12,Colombia,Social_Colombia,Unknown,712.64
2025-01-12,Argentina,Organic_Argentina,Unknown,1860.4
2025-01-12,Argentina,Paid_Search_Argentina,Unknown,885.06
2025-01-12,Argentina,Social_Argentina,Unknown,2253.77
2025-01-13,Mexico,Organic_Mexico,Unknown,2830.76
2025-01-13,Mexico,Paid_Search_Mexico,Unknown,2797.38
2025-01-13,Mexico,Social_Mexico,Unknown,1701.42
2025-01-13,Colombia,Organic_Colombia,Unknown,1883.89
2025-01-13,Colombia,Paid_Search_Colombia,Unknown,1151.34
2025-01-13,Colombia,Social_Colombia,Unknown,2261.13
2025-01-13,Argentina,Organic_Argentina,Unknown,833.13
2025-01-13,Argentina,Paid_Search_Argentina,Unknown,2961.96
2025-01-13,Argentina,Social_Argentina,Unknown,2797.14
2025-01-14,Mexico,Organic_Mexico,Unknown,2201.4
2025-01-14,Mexico,Paid_Search_Mexico,Unknown,2892.28
2025-01-14,Mexico,Social_Mexico,Unknown,608.76
2025-01-14,Colombia,Organic_Colombia,Unknown,505.28
2025-01-14,Colombia,Paid_Search_Colombia,Unknown,963.54
2025-01-14,Colombia,Social_Colombia,Unknown,2847.73
2025-01-14,Argentina,Organic_Argentina,Unknown,1095.33
2025-01-14,Argentina,Paid_Search_Argentina,Unknown,2189.47
2025-01-14,Argentina,Social_Argentina,Unknown,2631.69
2025-01-15,Mexico,Organic_Mexico,Unknown,1167.14
2025-01-15,Mexico,Paid_Search_Mexico,Unknown,2823.15
2025-01-15,Mexico,Social_Mexico,Unknown,1084.78
2025-01-15,Colombia,Organic_Colombia,Unknown,667.39
2025-01-15,Colombia,Paid_Search_Colombia,Unknown,1128.85
2025-01-15,Colombia,Social_Colombia,Unknown,1679.7
2025-01-15,Argentina,Organic_Argentina,Unknown,747.9
2025-01-15,Argentina,Paid_Search_Argentina,Unknown,1540.62
2025-01-15,Argentina,Social_Argentina,Unknown,1384.05
2025-01-16,Mexico,Organic_Mexico,Unknown,2585.86
2025-01-16,Mexico,Paid_Search_Mexico,Unknown,1456.54
2025-01-16,Mexico,Social_Mexico,Unknown,1240.29
2025-01-16,Colombia,Organic_Colombia,Unknown,675.53
2025-01-16,Colombia,Paid_Search_Colombia,Unknown,2648.43
2025-01-16,Colombia,Social_Colombia,Unknown,2774.72
2025-01-16,Argentina,Organic_Argentina,Unknown,1877.06
2025-01-16,Argentina,Paid_Search_Argentina,Unknown,1547.25
2025-01-16,Argentina,Social_Argentina,Unknown,1516.37
2025-01-17,Mexico,Organic_Mexico,Unknown,2051.66
2025-01-17,Mexico,Paid_Search_Mexico,Unknown,2085.11
2025-01-17,Mexico,Social_Mexico,Unknown,538.06
2025-01-17,Colombia,Organic_Colombia,Unknown,1865.64
2025-01-17,Colombia,Paid_Search_Colombia,Unknown,1563.39
2025-01-17,Colombia,Social_Colombia,Unknown,1676.54
2025-01-17,Argentina,Organic_Argentina,Unknown,1288.03
2025-01-17,Argentina,Paid_Search_Argentina,Unknown,2395.4
2025-01-17,Argentina,Social_Argentina,Unknown,2998.3
2025-01-18,Mexico,Organic_Mexico,Unknown,2406.04
2025-01-18,Mexico,Paid_Search_Mexico,Unknown,1528.64
2025-01-18,Mexico,Social_Mexico,Unknown,573.56
2025-01-18,Colombia,Organic_Colombia,Unknown,2465.84
2025-01-18,Colombia,Paid_Search_Colombia,Unknown,516.71
2025-01-18,Colombia,Social_Colombia,Unknown,2177.01
2025-01-18,Argentina,Organic_Argentina,Unknown,2078.19
2025-01-18,Argentina,Paid_Search_Argentina,Unknown,1847.66
2025-01-18,Argentina,Social_Argentina,Unknown,1781.79
2025-01-19,Mexico,Organic_Mexico,Unknown,1694.42
2025-01-19,Mexico,Paid_Search_Mexico,Unknown,1673.86
2025-01-19,Mexico,Social_Mexico,Unknown,1019.59
2025-01-19,Colombia,Organic_Colombia,Unknown,1997.42
2025-01-19,Colombia,Paid_Search_Colombia,Unknown,2775.67
2025-01-19,Colombia,Social_Colombia,Unknown,524.35
2025-01-19,Argentina,Organic_Argentina,Unknown,2955.37
2025-01-19,Argentina,Paid_Search_Argentina,Unknown,808.1
2025-01-19,Argentina,Social_Argentina,Unknown,2916.82
2025-01-20,Mexico,Organic_Mexico,Unknown,547.62
2025-01-20,Mexico,Paid_Search_Mexico,Unknown,1829.4
2025-01-20,Mexico,Social_Mexico,Unknown,1623.59
2025-01-20,Colombia,Organic_Colombia,Unknown,2560.31
2025-01-20,Colombia,Paid_Search_Colombia,Unknown,2147.63
2025-01-20,Colombia,Social_Colombia,Unknown,1741.74
2025-01-20,Argentina,Organic_Argentina,Unknown,1400.26
2025-01-20,Argentina,Paid_Search_Argentina,Unknown,1460.45
2025-01-20,Argentina,Social_Argentina,Unknown,1624.49
2025-01-21,Mexico,Organic_Mexico,Unknown,2317.14
2025-01-21,Mexico,Paid_Search_Mexico,Unknown,1879.56
2025-01-21,Mexico,Social_Mexico,Unknown,2676.76
2025-01-21,Colombia,Organic_Colombia,Unknown,824.07
2025-01-21,Colombia,Paid_Search_Colombia,Unknown,1245.46
2025-01-21,Colombia,Social_Colombia,Unknown,1819.7
2025-01-21,Argentina,Organic_Argentina,Unknown,807.86
2025-01-21,Argentina,Paid_Search_Argentina,Unknown,2913.81
2025-01-21,Argentina,Social_Argentina,Unknown,1474.39
2025-01-22,Mexico,Organic_Mexico,Unknown,2244.54
2025-01-22,Mexico,Paid_Search_Mexico,Unknown,2421.21
2025-01-22,Mexico,Social_Mexico,Unknown,2286.56
2025-01-22,Colombia,Organic_Colombia,Unknown,2289.19
2025-01-22,Colombia,Paid_Search_Colombia,Unknown,1719.74
2025-01-22,Colombia,Social_Colombia,Unknown,772.46
2025-01-22,Argentina,Organic_Argentina,Unknown,1562.61
2025-01-22,Argentina,Paid_Search_Argentina,Unknown,644.34
2025-01-22,Argentina,Social_Argentina,Unknown,2544.66
2025-01-23,Mexico,Organic_Mexico,Unknown,2977.84
2025-01-23,Mexico,Paid_Search_Mexico,Paid_Search,2763.14
2025-01-23,Mexico,Social_Mexico,Social,2787.05
2025-01-23,Colombia,Organic_Colombia,Organic,2438.53
2025-01-23,Colombia,Paid_Search_Colombia,Paid_Search,2834.32
2025-01-23,Colombia,Social_Colombia,Social,1741.55
2025-01-23,Argentina,Organic_Argentina,Organic,1318.27
2025-01-23,Argentina,Paid_Search_Argentina,Paid_Search,2025.48
2025-01-23,Argentina,Social_Argentina,Social,2264.63
2025-01-24,Mexico,Organic_Mexico,Organic,1072.29
2025-01-24,Mexico,Paid_Search_Mexico,Paid_Search,1903.1
2025-01-24,Mexico,Social_Mexico,Social,1866.07
2025-01-24,Colombia,Organic_Colombia,Organic,1017.68
2025-01-24,Colombia,Paid_Search_Colombia,Paid_Search,2690.33
2025-01-24,Colombia,Social_Colombia,Social,979.16
2025-01-24,Argentina,Organic_Argentina,Organic,2844.43
2025-01-24,Argentina,Paid_Search_Argentina,Paid_Search,723.81
2025-01-24,Argentina,Social_Argentina,Social,840.07
2025-01-25,Mexico,Organic_Mexico,Organic,635.56
2025-01-25,Mexico,Paid_Search_Mexico,Paid_Search,723.6
2025-01-25,Mexico,Social_Mexico,Social,2488.53
2025-01-25,Colombia,Organic_Colombia,Organic,2182.07
2025-01-25,Colombia,Paid_Search_Colombia,Paid_Search,1469.03
2025-01-25,Colombia,Social_Colombia,Social,2561.18
2025-01-25,Argentina,Organic_Argentina,Organic,706.53
2025-01-25,Argentina,Paid_Search_Argentina,Paid_Search,1341.83
2025-01-25,Argentina,Social_Argentina,Social,1963.42
2025-01-26,Mexico,Organic_Mexico,Organic,1961.97
2025-01-26,Mexico,Paid_Search_Mexico,Paid_Search,2910.94
2025-01-26,Mexico,Social_Mexico,Social,677.09
2025-01-26,Colombia,Organic_Colombia,Organic,2648.86
2025-01-26,Colombia,Paid_Search_Colombia,Paid_Search,1384.99
2025-01-26,Colombia,Social_Colombia,Social,1546.59
2025-01-26,Argentina,Organic_Argentina,Organic,790.43
2025-01-26,Argentina,Paid_Search_Argentina,Paid_Search,714.67
2025-01-26,Argentina,Social_Argentina,Social,1917.29
2025-01-27,Mexico,Organic_Mexico,Organic,2383.62
2025-01-27,Mexico,Paid_Search_Mexico,Paid_Search,1658.58
2025-01-27,Mexico,Social_Mexico,Social,2188.09
2025-01-27,Colombia,Organic_Colombia,Organic,2796.75
2025-01-27,Colombia,Paid_Search_Colombia,Paid_Search,1670.47
2025-01-27,Colombia,Social_Colombia,Social,2609.79
2025-01-27,Argentina,Organic_Argentina,Organic,2638.37
2025-01-27,Argentina,Paid_Search_Argentina,Paid_Search,1057.81
2025-01-27,Argentina,Social_Argentina,Social,1314.09
2025-01-28,Mexico,Organic_Mexico,Organic,1632.92
2025-01-28,Mexico,Paid_Search_Mexico,Paid_Search,2647.79
2025-01-28,Mexico,Social_Mexico,Social,1866.41
2025-01-28,Colombia,Organic_Colombia,Organic,2267.3
2025-01-28,Colombia,Paid_Search_Colombia,Paid_Search,1815.67
2025-01-28,Colombia,Social_Colombia,Social,2860.02
2025-01-28,Argentina,Organic_Argentina,Organic,2076.26
2025-01-28,Argentina,Paid_Search_Argentina,Paid_Search,2752.23
2025-01-28,Argentina,Social_Argentina,Social,2401.3
2025-01-29,Mexico,Organic_Mexico,Organic,1725.01
2025-01-29,Mexico,Paid_Search_Mexico,Paid_Search,691.54
2025-01-29,Mexico,Social_Mexico,Social,2005.1
2025-01-29,Colombia,Organic_Colombia,Organic,631.74
2025-01-29,Colombia,Paid_Search_Colombia,Paid_Search,2133.11
2025-01-29,Colombia,Social_Colombia,Social,1980.84
2025-01-29,Argentina,Organic_Argentina,Organic,653.88
2025-01-29,Argentina,Paid_Search_Argentina,Paid_Search,2534.82
2025-01-29,Argentina,Social_Argentina,Social,1400.08
2025-01-30,Mexico,Organic_Mexico,Organic,1765.35
2025-01-30,Mexico,Paid_Search_Mexico,Paid_Search,1074.75
2025-01-30,Mexico,Social_Mexico,Social,2735.72
2025-01-30,Colombia,Organic_Colombia,Organic,1448.99
2025-01-30,Colombia,Paid_Search_Colombia,Paid_Search,2969.52
2025-01-30,Colombia,Social_Colombia,Social,639.94
2025-01-30,Argentina,Organic_Argentina,Organic,2800.95
2025-01-30,Argentina,Paid_Search_Argentina,Paid_Search,1586.83
2025-01-30,Argentina,Social_Argentina,Social,952.75
2025-01-31,Mexico,Organic_Mexico,Organic,2058.61
2025-01-31,Mexico,Paid_Search_Mexico,Paid_Search,2068.31
2025-01-31,Mexico,Social_Mexico,Social,2023.55
2025-01-31,Colombia,Organic_Colombia,Organic,2477.19
2025-01-31,Colombia,Paid_Search_Colombia,Paid_Search,2596.02
2025-01-31,Colombia,Social_Colombia,Social,549.75
2025-01-31,Argentina,Organic_Argentina,Organic,1154.39
2025-01-31,Argentina,Paid_Search_Argentina,Paid_Search,2531.97
2025-01-31,Argentina,Social_Argentina,Social,2312.87
2025-02-01,Mexico,Organic_Mexico,Organic,2969.66
2025-02-01,Mexico,Paid_Search_Mexico,Paid_Search,928.49
2025-02-01,Mexico,Social_Mexico,Social,1511.83
2025-02-01,Colombia,Organic_Colombia,Organic,1829.3
2025-02-01,Colombia,Paid_Search_Colombia,Paid_Search,1079.44
2025-02-01,Colombia,Social_Colombia,Social,2318.11
2025-02-01,Argentina,Organic_Argentina,Organic,1400.74
2025-02-01,Argentina,Paid_Search_Argentina,Paid_Search,756.3
2025-02-01,Argentina,Social_Argentina,Social,1098.72
2025-02-02,Mexico,Organic_Mexico,Organic,1684.6
2025-02-02,Mexico,Paid_Search_Mexico,Paid_Search,1879.2
2025-02-02,Mexico,Social_Mexico,Social,776.24
2025-02-02,Colombia,Organic_Colombia,Organic,1068.9
2025-02-02,Colombia,Paid_Search_Colombia,Paid_Search,1451.38
2025-02-02,Colombia,Social_Colombia,Social,2918.29
2025-02-02,Argentina,Organic_Argentina,Organic,589.29
2025-02-02,Argentina,Paid_Search_Argentina,Paid_Search,1993.48
2025-02-02,Argentina,Social_Argentina,Social,2023.65
2025-02-03,Mexico,Organic_Mexico,Organic,1817.79
2025-02-03,Mexico,Paid_Search_Mexico,Paid_Search,2717.61
2025-02-03,Mexico,Social_Mexico,Social,1180.55
2025-02-03,Colombia,Organic_Colombia,Organic,980.11
2025-02-03,Colombia,Paid_Search_Colombia,Paid_Search,2296.49
2025-02-03,Colombia,Social_Colombia,Social,1075.63
2025-02-03,Argentina,Organic_Argentina,Organic,2303.33
2025-02-03,Argentina,Paid_Search_Argentina,Paid_Search,2738.63
2025-02-03,Argentina,Social_Argentina,Social,2289.75
2025-02-04,Mexico,Organic_Mexico,Organic,2910.33
2025-02-04,Mexico,Paid_Search_Mexico,Paid_Search,2316.15
2025-02-04,Mexico,Social_Mexico,Social,2799.33
2025-02-04,Colombia,Organic_Colombia,Organic,624.1
2025-02-04,Colombia,Paid_Search_Colombia,Paid_Search,2179.55
2025-02-04,Colombia,Social_Colombia,Social,2062.64
2025-02-04,Argentina,Organic_Argentina,Organic,541.15
2025-02-04,Argentina,Paid_Search_Argentina,Paid_Search,1460.28
2025-02-04,Argentina,Social_Argentina,Social,2079.35
2025-02-05,Mexico,Organic_Mexico,Organic,1174.93
2025-02-05,Mexico,Paid_Search_Mexico,Paid_Search,1361.32
2025-02-05,Mexico,Social_Mexico,Social,1783.67
2025-02-05,Colombia,Organic_Colombia,Organic,1535.18
2025-02-05,Colombia,Paid_Search_Colombia,Paid_Search,1889.29
2025-02-05,Colombia,Social_Colombia,Social,1873.36
2025-02-05,Argentina,Organic_Argentina,Organic,512.58
2025-02-05,Argentina,Paid_Search_Argentina,Paid_Search,873.01
2025-02-05,Argentina,Social_Argentina,Social,2013.74
2025-02-06,Mexico,Organic_Mexico,Organic,2981.65
2025-02-06,Mexico,Paid_Search_Mexico,Paid_Search,1668.75
2025-02-06,Mexico,Social_Mexico,Social,2857.64
2025-02-06,Colombia,Organic_Colombia,Organic,2523.37
2025-02-06,Colombia,Paid_Search_Colombia,Paid_Search,2117.79
2025-02-06,Colombia,Social_Colombia,Social,1320.64
2025-02-06,Argentina,Organic_Argentina,Organic,1071.84
2025-02-06,Argentina,Paid_Search_Argentina,Paid_Search,1877.89
2025-02-06,Argentina,Social_Argentina,Social,1893.3
2025-02-07,Mexico,Organic_Mexico,Organic,814.8
2025-02-07,Mexico,Paid_Search_Mexico,Paid_Search,1352.89
2025-02-07,Mexico,Social_Mexico,Social,2624.95
2025-02-07,Colombia,Organic_Colombia,Organic,580.64
2025-02-07,Colombia,Paid_Search_Colombia,Paid_Search,743.45
2025-02-07,Colombia,Social_Colombia,Social,1398.64
2025-02-07,Argentina,Organic_Argentina,Organic,2816.37
2025-02-07,Argentina,Paid_Search_Argentina,Paid_Search,1172.4
2025-02-07,Argentina,Social_Argentina,Social,662.43
2025-02-08,Mexico,Organic_Mexico,Organic,2607.08
2025-02-08,Mexico,Paid_Search_Mexico,Paid_Search,2913.29
2025-02-08,Mexico,Social_Mexico,Social,1913.79
2025-02-08,Colombia,Organic_Colombia,Organic,2144.04
2025-02-08,Colombia,Paid_Search_Colombia,Paid_Search,2450.33
2025-02-08,Colombia,Social_Colombia,Social,1692.63
2025-02-08,Argentina,Organic_Argentina,Organic,547.93
2025-02-08,Argentina,Paid_Search_Argentina,Paid_Search,834.31
2025-02-08,Argentina,Social_Argentina,Social,1935.15
2025-02-09,Mexico,Organic_Mexico,Organic,2516.05
2025-02-09,Mexico,Paid_Search_Mexico,Paid_Search,902.47
2025-02-09,Mexico,Social_Mexico,Social,2634.84
2025-02-09,Colombia,Organic_Colombia,Organic,2640.56
2025-02-09,Colombia,Paid_Search_Colombia,Paid_Search,2410.17
2025-02-09,Colombia,Social_Colombia,Social,1907.35
2025-02-09,Argentina,Organic_Argentina,Organic,2230.2
2025-02-09,Argentina,Paid_Search_Argentina,Paid_Search,2673.5
2025-02-09,Argentina,Social_Argentina,Social,2184.79
2025-02-10,Mexico,Organic_Mexico,Organic,1115.63
2025-02-10,Mexico,Paid_Search_Mexico,Paid_Search,2079.6
2025-02-10,Mexico,Social_Mexico,Social,1144.98
2025-02-10,Colombia,Organic_Colombia,Organic,915.59
2025-02-10,Colombia,Paid_Search_Colombia,Paid_Search,859.55
2025-02-10,Colombia,Social_Colombia,Social,2126.64
2025-02-10,Argentina,Organic_Argentina,Organic,2941.11
2025-02-10,Argentina,Paid_Search_Argentina,Paid_Search,1345.46
2025-02-10,Argentina,Social_Argentina,Social,1172.61
2025-02-11,Mexico,Organic_Mexico,Organic,1766.27
2025-02-11,Mexico,Paid_Search_Mexico,Paid_Search,2947.25
2025-02-11,Mexico,Social_Mexico,Social,1592.89
2025-02-11,Colombia,Organic_Colombia,Organic,2639.41
2025-02-11,Colombia,Paid_Search_Colombia,Paid_Search,618.44
2025-02-11,Colombia,Social_Colombia,Social,710.21
2025-02-11,Argentina,Organic_Argentina,Organic,502.2
2025-02-11,Argentina,Paid_Search_Argentina,Paid_Search,2362.95
2025-02-11,Argentina,Social_Argentina,Social,2051.72
2025-02-12,Mexico,Organic_Mexico,Organic,2620.43
2025-02-12,Mexico,Paid_Search_Mexico,Paid_Search,2051.25
2025-02-12,Mexico,Social_Mexico,Social,1340.74
2025-02-12,Colombia,Organic_Colombia,Organic,619.11
2025-02-12,Colombia,Paid_Search_Colombia,Paid_Search,1879.01
2025-02-12,Colombia,Social_Colombia,Social,1273.91
2025-02-12,Argentina,Organic_Argentina,Organic,710.09
2025-02-12,Argentina,Paid_Search_Argentina,Paid_Search,2800.0
2025-02-12,Argentina,Social_Argentina,Social,2499.63
2025-02-13,Mexico,Organic_Mexico,Organic,1098.11
2025-02-13,Mexico,Paid_Search_Mexico,Paid_Search,2044.97
2025-02-13,Mexico,Social_Mexico,Social,1917.53
2025-02-13,Colombia,Organic_Colombia,Organic,2857.99
2025-02-13,Colombia,Paid_Search_Colombia,Paid_Search,2181.19
2025-02-13,Colombia,Social_Colombia,Social,2729.66
2025-02-13,Argentina,Organic_Argentina,Organic,2321.47
2025-02-13,Argentina,Paid_Search_Argentina,Paid_Search,2240.14
2025-02-13,Argentina,Social_Argentina,Social,2740.7
2025-02-14,Mexico,Organic_Mexico,Organic,1126.83
2025-02-14,Mexico,Paid_Search_Mexico,Paid_Search,1340.47
2025-02-14,Mexico,Social_Mexico,Social,2572.5
2025-02-14,Colombia,Organic_Colombia,Organic,2867.96
2025-02-14,Colombia,Paid_Search_Colombia,Paid_Search,1764.55
2025-02-14,Colombia,Social_Colombia,Social,2040.07
2025-02-14,Argentina,Organic_Argentina,Organic,1673.23
2025-02-14,Argentina,Paid_Search_Argentina,Paid_Search,1583.19
2025-02-14,Argentina,Social_Argentina,Social,1557.65
2025-02-15,Mexico,Organic_Mexico,Organic,1914.51
2025-02-15,Mexico,Paid_Search_Mexico,Paid_Search,2897.76
2025-02-15,Mexico,Social_Mexico,Social,1371.24
2025-02-15,Colombia,Organic_Colombia,Organic,2117.51
2025-02-15,Colombia,Paid_Search_Colombia,Paid_Search,758.91
2025-02-15,Colombia,Social_Colombia,Social,729.79
2025-02-15,Argentina,Organic_Argentina,Organic,2602.04
2025-02-15,Argentina,Paid_Search_Argentina,Paid_Search,1053.58
2025-02-15,Argentina,Social_Argentina,Social,2365.0
2025-02-16,Mexico,Organic_Mexico,Organic,1692.32
2025-02-16,Mexico,Paid_Search_Mexico,Paid_Search,1076.3
2025-02-16,Mexico,Social_Mexico,Social,769.42
2025-02-16,Colombia,Organic_Colombia,Organic,912.29
2025-02-16,Colombia,Paid_Search_Colombia,Paid_Search,1888.79
2025-02-16,Colombia,Social_Colombia,Social,1464.1
2025-02-16,Argentina,Organic_Argentina,Organic,1760.75
2025-02-16,Argentina,Paid_Search_Argentina,Paid_Search,539.68
2025-02-16,Argentina,Social_Argentina,Social,1779.02
2025-02-17,Mexico,Organic_Mexico,Organic,1233.12
2025-02-17,Mexico,Paid_Search_Mexico,Paid_Search,2907.02
2025-02-17,Mexico,Social_Mexico,Social,2796.09
2025-02-17,Colombia,Organic_Colombia,Organic,2754.84
2025-02-17,Colombia,Paid_Search_Colombia,Paid_Search,1605.88
2025-02-17,Colombia,Social_Colombia,Social,1966.1
2025-02-17,Argentina,Organic_Argentina,Organic,2335.15
2025-02-17,Argentina,Paid_Search_Argentina,Paid_Search,2890.61
2025-02-17,Argentina,Social_Argentina,Social,656.87
2025-02-18,Mexico,Organic_Mexico,Organic,1839.38
2025-02-18,Mexico,Paid_Search_Mexico,Paid_Search,2750.91
2025-02-18,Mexico,Social_Mexico,Social,870.61
2025-02-18,Colombia,Organic_Colombia,Organic,520.99
2025-02-18,Colombia,Paid_Search_Colombia,Paid_Search,1339.59
2025-02-18,Colombia,Social_Colombia,Social,1972.5
2025-02-18,Argentina,Organic_Argentina,Organic,818.69
2025-02-18,Argentina,Paid_Search_Argentina,Paid_Search,2726.68
2025-02-18,Argentina,Social_Argentina,Social,1983.84
2025-02-19,Mexico,Organic_Mexico,Organic,2988.32
2025-02-19,Mexico,Paid_Search_Mexico,Paid_Search,2627.93
2025-02-19,Mexico,Social_Mexico,Social,1960.35
2025-02-19,Colombia,Organic_Colombia,Organic,2218.09
2025-02-19,Colombia,Paid_Search_Colombia,Paid_Search,982.34
2025-02-19,Colombia,Social_Colombia,Social,1491.12
2025-02-19,Argentina,Organic_Argentina,Organic,576.78
2025-02-19,Argentina,Paid_Search_Argentina,Paid_Search,2609.77
2025-02-19,Argentina,Social_Argentina,Social,932.57
2025-02-20,Mexico,Organic_Mexico,Organic,2481.1
2025-02-20,Mexico,Paid_Search_Mexico,Paid_Search,2916.33
2025-02-20,Mexico,Social_Mexico,Social,2297.21
2025-02-20,Colombia,Organic_Colombia,Organic,2337.19
2025-02-20,Colombia,Paid_Search_Colombia,Paid_Search,2396.14
2025-02-20,Colombia,Social_Colombia,Social,2287.33
2025-02-20,Argentina,Organic_Argentina,Organic,1285.02
2025-02-20,Argentina,Paid_Search_Argentina,Paid_Search,1975.29
2025-02-20,Argentina,Social_Argentina,Social,2178.6
2025-02-21,Mexico,Organic_Mexico,Organic,1943.26
2025-02-21,Mexico,Paid_Search_Mexico,Paid_Search,1427.47
2025-02-21,Mexico,Social_Mexico,Social,2535.52
2025-02-21,Colombia,Organic_Colombia,Organic,802.29
2025-02-21,Colombia,Paid_Search_Colombia,Paid_Search,1915.65
2025-02-21,Colombia,Social_Colombia,Social,1086.55
2025-02-21,Argentina,Organic_Argentina,Organic,1004.32
2025-02-21,Argentina,Paid_Search_Argentina,Paid_Search,1446.01
2025-02-21,Argentina,Social_Argentina,Social,936.01
2025-02-22,Mexico,Organic_Mexico,Organic,1961.19
2025-02-22,Mexico,Paid_Search_Mexico,Paid_Search,1628.29
2025-02-22,Mexico,Social_Mexico,Social,2055.44
2025-02-22,Colombia,Organic_Colombia,Organic,699.81
2025-02-22,Colombia,Paid_Search_Colombia,Paid_Search,2880.14
2025-02-22,Colombia,Social_Colombia,Social,2999.36
2025-02-22,Argentina,Organic_Argentina,Organic,772.55
2025-02-22,Argentina,Paid_Search_Argentina,Paid_Search,2039.54
2025-02-22,Argentina,Social_Argentina,Social,1711.34
2025-02-23,Mexico,Organic_Mexico,Organic,2004.91
2025-02-23,Mexico,Paid_Search_Mexico,Paid_Search,1176.16
2025-02-23,Mexico,Social_Mexico,Social,2432.8
2025-02-23,Colombia,Organic_Colombia,Organic,2363.76
2025-02-23,Colombia,Paid_Search_Colombia,Paid_Search,2107.64
2025-02-23,Colombia,Social_Colombia,Social,634.17
2025-02-23,Argentina,Organic_Argentina,Organic,1255.48
2025-02-23,Argentina,Paid_Search_Argentina,Paid_Search,1758.69
2025-02-23,Argentina,Social_Argentina,Social,1255.49
2025-02-24,Mexico,Organic_Mexico,Organic,2860.22
2025-02-24,Mexico,Paid_Search_Mexico,Paid_Search,1190.24
2025-02-24,Mexico,Social_Mexico,Social,2732.14
2025-02-24,Colombia,Organic_Colombia,Organic,2166.54
2025-02-24,Colombia,Paid_Search_Colombia,Paid_Search,2286.43
2025-02-24,Colombia,Social_Colombia,Social,2449.69
2025-02-24,Argentina,Organic_Argentina,Organic,896.95
2025-02-24,Argentina,Paid_Search_Argentina,Paid_Search,673.33
2025-02-24,Argentina,Social_Argentina,Social,1144.79
2025-02-25,Mexico,Organic_Mexico,Organic,901.24
2025-02-25,Mexico,Paid_Search_Mexico,Paid_Search,794.07
2025-02-25,Mexico,Social_Mexico,Social,2643.91
2025-02-25,Colombia,Organic_Colombia,Organic,1669.77
2025-02-25,Colombia,Paid_Search_Colombia,Paid_Search,2969.49
2025-02-25,Colombia,Social_Colombia,Social,604.86
2025-02-25,Argentina,Organic_Argentina,Organic,2042.74
2025-02-25,Argentina,Paid_Search_Argentina,Paid_Search,552.09
2025-02-25,Argentina,Social_Argentina,Social,2476.56
2025-02-26,Mexico,Organic_Mexico,Organic,2604.93
2025-02-26,Mexico,Paid_Search_Mexico,Paid_Search,533.47
2025-02-26,Mexico,Social_Mexico,Social,1444.43
2025-02-26,Colombia,Organic_Colombia,Organic,679.05
2025-02-26,Colombia,Paid_Search_Colombia,Paid_Search,2580.79
2025-02-26,Colombia,Social_Colombia,Social,2271.79
2025-02-26,Argentina,Organic_Argentina,Organic,1245.09
2025-02-26,Argentina,Paid_Search_Argentina,Paid_Search,531.75
2025-02-26,Argentina,Social_Argentina,Social,2696.62
2025-02-27,Mexico,Organic_Mexico,Organic,2264.64
2025-02-27,Mexico,Paid_Search_Mexico,Paid_Search,2559.49
2025-02-27,Mexico,Social_Mexico,Social,1971.46
2025-02-27,Colombia,Organic_Colombia,Organic,2988.92
2025-02-27,Colombia,Paid_Search_Colombia,Paid_Search,2279.81
2025-02-27,Colombia,Social_Colombia,Social,831.02
2025-02-27,Argentina,Organic_Argentina,Organic,996.85
2025-02-27,Argentina,Paid_Search_Argentina,Paid_Search,1460.77
2025-02-27,Argentina,Social_Argentina,Social,784.04
2025-02-28,Mexico,Organic_Mexico,Organic,1523.78
2025-02-28,Mexico,Paid_Search_Mexico,Paid_Search,2178.26
2025-02-28,Mexico,Social_Mexico,Social,2362.64
2025-02-28,Colombia,Organic_Colombia,Organic,2083.37
2025-02-28,Colombia,Paid_Search_Colombia,Paid_Search,1552.63
2025-02-28,Colombia,Social_Colombia,Social,2715.28
2025-02-28,Argentina,Organic_Argentina,Organic,2477.47
2025-02-28,Argentina,Paid_Search_Argentina,Paid_Search,1677.61
2025-02-28,Argentina,Social_Argentina,Social,2303.14
2025-03-01,Mexico,Organic_Mexico,Organic,1285.76
2025-03-01,Mexico,Paid_Search_Mexico,Paid_Search,2565.67
2025-03-01,Mexico,Social_Mexico,Social,1997.66
2025-03-01,Colombia,Organic_Colombia,Organic,2665.73
2025-03-01,Colombia,Paid_Search_Colombia,Paid_Search,844.75
2025-03-01,Colombia,Social_Colombia,Social,2971.47
2025-03-01,Argentina,Organic_Argentina,Organic,1325.8
2025-03-01,Argentina,Paid_Search_Argentina,Paid_Search,732.26
2025-03-01,Argentina,Social_Argentina,Social,1625.45
2025-03-02,Mexico,Organic_Mexico,Organic,2563.5
2025-03-02,Mexico,Paid_Search_Mexico,Paid_Search,1018.16
2025-03-02,Mexico,Social_Mexico,Social,2220.58
2025-03-02,Colombia,Organic_Colombia,Organic,1966.37
2025-03-02,Colombia,Paid_Search_Colombia,Paid_Search,1035.48
2025-03-02,Colombia,Social_Colombia,Social,501.28
2025-03-02,Argentina,Organic_Argentina,Organic,1343.81
2025-03-02,Argentina,Paid_Search_Argentina,Paid_Search,1868.92
2025-03-02,Argentina,Social_Argentina,Social,778.93
2025-03-03,Mexico,Organic_Mexico,Organic,2674.67
2025-03-03,Mexico,Paid_Search_Mexico,Paid_Search,2969.11
2025-03-03,Mexico,Social_Mexico,Social,2040.3
2025-03-03,Colombia,Organic_Colombia,Organic,2043.61
2025-03-03,Colombia,Paid_Search_Colombia,Paid_Search,1467.76
2025-03-03,Colombia,Social_Colombia,Social,2310.52
2025-03-03,Argentina,Organic_Argentina,Organic,1416.81
2025-03-03,Argentina,Paid_Search_Argentina,Paid_Search,2921.05
2025-03-03,Argentina,Social_Argentina,Social,785.4
2025-03-04,Mexico,Organic_Mexico,Organic,505.59
2025-03-04,Mexico,Paid_Search_Mexico,Paid_Search,2902.89
2025-03-04,Mexico,Social_Mexico,Social,825.83
2025-03-04,Colombia,Organic_Colombia,Organic,2243.9
2025-03-04,Colombia,Paid_Search_Colombia,Paid_Search,2137.18
2025-03-04,Colombia,Social_Colombia,Social,2257.07
2025-03-04,Argentina,Organic_Argentina,Organic,2593.45
2025-03-04,Argentina,Paid_Search_Argentina,Paid_Search,523.1
2025-03-04,Argentina,Social_Argentina,Social,2293.99
2025-03-05,Mexico,Organic_Mexico,Organic,1857.56
2025-03-05,Mexico,Paid_Search_Mexico,Paid_Search,1508.72
2025-03-05,Mexico,Social_Mexico,Social,1079.07
2025-03-05,Colombia,Organic_Colombia,Organic,2382.48
2025-03-05,Colombia,Paid_Search_Colombia,Paid_Search,2628.61
2025-03-05,Colombia,Social_Colombia,Social,1610.57
2025-03-05,Argentina,Organic_Argentina,Organic,1320.59
2025-03-05,Argentina,Paid_Search_Argentina,Paid_Search,1300.0
2025-03-05,Argentina,Social_Argentina,Social,2974.46
2025-03-06,Mexico,Organic_Mexico,Organic,1651.4
2025-03-06,Mexico,Paid_Search_Mexico,Paid_Search,1244.98
2025-03-06,Mexico,Social_Mexico,Social,2727.94
2025-03-06,Colombia,Organic_Colombia,Organic,1338.79
2025-03-06,Colombia,Paid_Search_Colombia,Paid_Search,1037.34
2025-03-06,Colombia,Social_Colombia,Social,2793.68
2025-03-06,Argentina,Organic_Argentina,Organic,2971.77
2025-03-06,Argentina,Paid_Search_Argentina,Paid_Search,514.64
2025-03-06,Argentina,Social_Argentina,Social,2188.01
2025-03-07,Mexico,Organic_Mexico,Organic,2431.44
2025-03-07,Mexico,Paid_Search_Mexico,Paid_Search,2709.79
2025-03-07,Mexico,Social_Mexico,Social,1616.76
2025-03-07,Colombia,Organic_Colombia,Organic,2208.18
2025-03-07,Colombia,Paid_Search_Colombia,Paid_Search,1354.81
2025-03-07,Colombia,Social_Colombia,Social,1323.2
2025-03-07,Argentina,Organic_Argentina,Organic,2440.72
2025-03-07,Argentina,Paid_Search_Argentina,Paid_Search,674.71
2025-03-07,Argentina,Social_Argentina,Social,2896.24
2025-03-08,Mexico,Organic_Mexico,Organic,1430.22
2025-03-08,Mexico,Paid_Search_Mexico,Paid_Search,2796.79
2025-03-08,Mexico,Social_Mexico,Social,2337.36
2025-03-08,Colombia,Organic_Colombia,Organic,905.4
2025-03-08,Colombia,Paid_Search_Colombia,Paid_Search,955.49
2025-03-08,Colombia,Social_Colombia,Social,760.35
2025-03-08,Argentina,Organic_Argentina,Organic,2219.39
2025-03-08,Argentina,Paid_Search_Argentina,Paid_Search,2419.68
2025-03-08,Argentina,Social_Argentina,Social,2717.79
2025-03-09,Mexico,Organic_Mexico,Organic,777.29
2025-03-09,Mexico,Paid_Search_Mexico,Paid_Search,2979.65
2025-03-09,Mexico,Social_Mexico,Social,2261.8
2025-03-09,Colombia,Organic_Colombia,Organic,2314.17
2025-03-09,Colombia,Paid_Search_Colombia,Paid_Search,2674.55
2025-03-09,Colombia,Social_Colombia,Social,2707.99
2025-03-09,Argentina,Organic_Argentina,Organic,2460.54
2025-03-09,Argentina,Paid_Search_Argentina,Paid_Search,2039.28
2025-03-09,Argentina,Social_Argentina,Social,2703.46
2025-03-10,Mexico,Organic_Mexico,Organic,1817.97
2025-03-10,Mexico,Paid_Search_Mexico,Paid_Search,2880.9
2025-03-10,Mexico,Social_Mexico,Social,658.58
2025-03-10,Colombia,Organic_Colombia,Organic,1664.65
2025-03-10,Colombia,Paid_Search_Colombia,Paid_Search,1793.57
2025-03-10,Colombia,Social_Colombia,Social,2928.11
2025-03-10,Argentina,Organic_Argentina,Organic,1518.44
2025-03-10,Argentina,Paid_Search_Argentina,Paid_Search,2007.83
2025-03-10,Argentina,Social_Argentina,Social,1535.76
2025-03-11,Mexico,Organic_Mexico,Organic,2689.86
2025-03-11,Mexico,Paid_Search_Mexico,Paid_Search,2946.8
2025-03-11,Mexico,Social_Mexico,Social,1707.33
2025-03-11,Colombia,Organic_Colombia,Organic,1206.49
2025-03-11,Colombia,Paid_Search_Colombia,Paid_Search,865.82
2025-03-11,Colombia,Social_Colombia,Social,1615.39
2025-03-11,Argentina,Organic_Argentina,Organic,2296.31
2025-03-11,Argentina,Paid_Search_Argentina,Paid_Search,1187.95
2025-03-11,Argentina,Social_Argentina,Social,1815.6
2025-03-12,Mexico,Organic_Mexico,Organic,1862.52
2025-03-12,Mexico,Paid_Search_Mexico,Paid_Search,2272.92
2025-03-12,Mexico,Social_Mexico,Social,969.87
2025-03-12,Colombia,Organic_Colombia,Organic,1768.93
2025-03-12,Colombia,Paid_Search_Colombia,Paid_Search,581.57
2025-03-12,Colombia,Social_Colombia,Social,2083.91
2025-03-12,Argentina,Organic_Argentina,Organic,1989.0
2025-03-12,Argentina,Paid_Search_Argentina,Paid_Search,1641.58
2025-03-12,Argentina,Social_Argentina,Social,1581.3
2025-03-13,Mexico,Organic_Mexico,Organic,2834.77
2025-03-13,Mexico,Paid_Search_Mexico,Paid_Search,1770.31
2025-03-13,Mexico,Social_Mexico,Social,1467.01
2025-03-13,Colombia,Organic_Colombia,Organic,881.84
2025-03-13,Colombia,Paid_Search_Colombia,Paid_Search,2149.67
2025-03-13,Colombia,Social_Colombia,Social,2219.17
2025-03-13,Argentina,Organic_Argentina,Organic,2133.74
2025-03-13,Argentina,Paid_Search_Argentina,Paid_Search,691.8
2025-03-13,Argentina,Social_Argentina,Social,2829.92
2025-03-14,Mexico,Organic_Mexico,Organic,711.85
2025-03-14,Mexico,Paid_Search_Mexico,Paid_Search,1056.25
2025-03-14,Mexico,Social_Mexico,Social,2617.0
2025-03-14,Colombia,Organic_Colombia,Organic,908.29
2025-03-14,Colombia,Paid_Search_Colombia,Paid_Search,2596.73
2025-03-14,Colombia,Social_Colombia,Social,2907.91
2025-03-14,Argentina,Organic_Argentina,Organic,2636.93
2025-03-14,Argentina,Paid_Search_Argentina,Paid_Search,2340.49
2025-03-14,Argentina,Social_Argentina,Social,1700.72
2025-03-15,Mexico,Organic_Mexico,Organic,2000.39
2025-03-15,Mexico,Paid_Search_Mexico,Paid_Search,2778.67
2025-03-15,Mexico,Social_Mexico,Social,2826.9
2025-03-15,Colombia,Organic_Colombia,Organic,744.06
2025-03-15,Colombia,Paid_Search_Colombia,Paid_Search,1691.2
2025-03-15,Colombia,Social_Colombia,Social,2517.14
2025-03-15,Argentina,Organic_Argentina,Organic,2675.72
2025-03-15,Argentina,Paid_Search_Argentina,Paid_Search,1485.68
2025-03-15,Argentina,Social_Argentina,Social,1435.46
2025-03-16,Mexico,Organic_Mexico,Organic,1193.85
2025-03-16,Mexico,Paid_Search_Mexico,Paid_Search,2406.21
2025-03-16,Mexico,Social_Mexico,Social,575.12
2025-03-16,Colombia,Organic_Colombia,Organic,1783.06
2025-03-16,Colombia,Paid_Search_Colombia,Paid_Search,2579.61
2025-03-16,Colombia,Social_Colombia,Social,1467.96
2025-03-16,Argentina,Organic_Argentina,Organic,1290.87
2025-03-16,Argentina,Paid_Search_Argentina,Paid_Search,2468.62
2025-03-16,Argentina,Social_Argentina,Social,1630.64
2025-03-17,Mexico,Organic_Mexico,Organic,2380.07
2025-03-17,Mexico,Paid_Search_Mexico,Paid_Search,533.88
2025-03-17,Mexico,Social_Mexico,Social,1010.72
2025-03-17,Colombia,Organic_Colombia,Organic,2026.73
2025-03-17,Colombia,Paid_Search_Colombia,Paid_Search,856.19
2025-03-17,Colombia,Social_Colombia,Social,2562.97
2025-03-17,Argentina,Organic_Argentina,Organic,1142.13
2025-03-17,Argentina,Paid_Search_Argentina,Paid_Search,784.67
2025-03-17,Argentina,Social_Argentina,Social,1254.99
2025-03-18,Mexico,Organic_Mexico,Organic,2127.39
2025-03-18,Mexico,Paid_Search_Mexico,Paid_Search,554.52
2025-03-18,Mexico,Social_Mexico,Social,597.7
2025-03-18,Colombia,Organic_Colombia,Organic,2755.39
2025-03-18,Colombia,Paid_Search_Colombia,Paid_Search,1786.94
2025-03-18,Colombia,Social_Colombia,Social,725.58
2025-03-18,Argentina,Organic_Argentina,Organic,2454.71
2025-03-18,Argentina,Paid_Search_Argentina,Paid_Search,2197.85
2025-03-18,Argentina,Social_Argentina,Social,2566.51
2025-03-19,Mexico,Organic_Mexico,Organic,1295.6
2025-03-19,Mexico,Paid_Search_Mexico,Paid_Search,2775.27
2025-03-19,Mexico,Social_Mexico,Social,1582.66
2025-03-19,Colombia,Organic_Colombia,Organic,708.99
2025-03-19,Colombia,Paid_Search_Colombia,Paid_Search,1766.0
2025-03-19,Colombia,Social_Colombia,Social,1490.12
2025-03-19,Argentina,Organic_Argentina,Organic,1911.73
2025-03-19,Argentina,Paid_Search_Argentina,Paid_Search,695.47
2025-03-19,Argentina,Social_Argentina,Social,1376.88
2025-03-20,Mexico,Organic_Mexico,Organic,767.58
2025-03-20,Mexico,Paid_Search_Mexico,Paid_Search,1208.18
2025-03-20,Mexico,Social_Mexico,Social,1055.35
2025-03-20,Colombia,Organic_Colombia,Organic,2662.43
2025-03-20,Colombia,Paid_Search_Colombia,Paid_Search,2038.09
2025-03-20,Colombia,Social_Colombia,Social,2065.47
2025-03-20,Argentina,Organic_Argentina,Organic,1737.1
2025-03-20,Argentina,Paid_Search_Argentina,Paid_Search,2643.27
2025-03-20,Argentina,Social_Argentina,Social,2882.59
2025-03-21,Mexico,Organic_Mexico,Organic,1620.17
2025-03-21,Mexico,Paid_Search_Mexico,Paid_Search,1566.3
2025-03-21,Mexico,Social_Mexico,Social,2794.58
2025-03-21,Colombia,Organic_Colombia,Organic,779.63
2025-03-21,Colombia,Paid_Search_Colombia,Paid_Search,2639.25
2025-03-21,Colombia,Social_Colombia,Social,2818.25
2025-03-21,Argentina,Organic_Argentina,Organic,1812.19
2025-03-21,Argentina,Paid_Search_Argentina,Paid_Search,894.59
2025-03-21,Argentina,Social_Argentina,Social,2699.24
2025-03-22,Mexico,Organic_Mexico,Organic,1638.03
2025-03-22,Mexico,Paid_Search_Mexico,Paid_Search,1156.59
2025-03-22,Mexico,Social_Mexico,Social,1576.11
2025-03-22,Colombia,Organic_Colombia,Organic,945.31
2025-03-22,Colombia,Paid_Search_Colombia,Paid_Search,2258.04
2025-03-22,Colombia,Social_Colombia,Social,2869.48
2025-03-22,Argentina,Organic_Argentina,Organic,619.11
2025-03-22,Argentina,Paid_Search_Argentina,Paid_Search,2105.4
2025-03-22,Argentina,Social_Argentina,Social,2375.49
2025-03-23,Mexico,Organic_Mexico,Organic,2423.01
2025-03-23,Mexico,Paid_Search_Mexico,Paid_Search,1236.86
2025-03-23,Mexico,Social_Mexico,Social,2878.95
2025-03-23,Colombia,Organic_Colombia,Organic,2899.55
2025-03-23,Colombia,Paid_Search_Colombia,Paid_Search,2761.22
2025-03-23,Colombia,Social_Colombia,Social,1298.04
2025-03-23,Argentina,Organic_Argentina,Organic,2990.6
2025-03-23,Argentina,Paid_Search_Argentina,Paid_Search,1297.98
2025-03-23,Argentina,Social_Argentina,Social,2804.65
2025-03-24,Mexico,Organic_Mexico,Organic,2938.28
2025-03-24,Mexico,Paid_Search_Mexico,Paid_Search,585.56
2025-03-24,Mexico,Social_Mexico,Social,1895.26
2025-03-24,Colombia,Organic_Colombia,Organic,2421.0
2025-03-24,Colombia,Paid_Search_Colombia,Paid_Search,663.73
2025-03-24,Colombia,Social_Colombia,Social,744.95
2025-03-24,Argentina,Organic_Argentina,Organic,2387.88
2025-03-24,Argentina,Paid_Search_Argentina,Paid_Search,2237.02
2025-03-24,Argentina,Social_Argentina,Social,1168.73
2025-03-25,Mexico,Organic_Mexico,Organic,1332.11
2025-03-25,Mexico,Paid_Search_Mexico,Paid_Search,2969.28
2025-03-25,Mexico,Social_Mexico,Social,2993.4
2025-03-25,Colombia,Organic_Colombia,Organic,922.63
2025-03-25,Colombia,Paid_Search_Colombia,Paid_Search,810.64
2025-03-25,Colombia,Social_Colombia,Social,2105.36
2025-03-25,Argentina,Organic_Argentina,Organic,1679.68
2025-03-25,Argentina,Paid_Search_Argentina,Paid_Search,843.26
2025-03-25,Argentina,Social_Argentina,Social,2307.75
2025-03-26,Mexico,Organic_Mexico,Organic,2770.95
2025-03-26,Mexico,Paid_Search_Mexico,Paid_Search,2834.31
2025-03-26,Mexico,Social_Mexico,Social,590.64
2025-03-26,Colombia,Organic_Colombia,Organic,547.28
2025-03-26,Colombia,Paid_Search_Colombia,Paid_Search,2790.82
2025-03-26,Colombia,Social_Colombia,Social,2841.48
2025-03-26,Argentina,Organic_Argentina,Organic,2369.91
2025-03-26,Argentina,Paid_Search_Argentina,Paid_Search,1040.64
2025-03-26,Argentina,Social_Argentina,Social,1587.44
2025-03-27,Mexico,Organic_Mexico,Organic,2921.5
2025-03-27,Mexico,Paid_Search_Mexico,Paid_Search,1917.8
2025-03-27,Mexico,Social_Mexico,Social,1857.03
2025-03-27,Colombia,Organic_Colombia,Organic,2971.19
2025-03-27,Colombia,Paid_Search_Colombia,Paid_Search,1290.25
2025-03-27,Colombia,Social_Colombia,Social,2345.12
2025-03-27,Argentina,Organic_Argentina,Organic,2357.61
2025-03-27,Argentina,Paid_Search_Argentina,Paid_Search,2884.87
2025-03-27,Argentina,Social_Argentina,Social,2233.71
2025-03-28,Mexico,Organic_Mexico,Organic,1300.24
2025-03-28,Mexico,Paid_Search_Mexico,Paid_Search,2553.86
2025-03-28,Mexico,Social_Mexico,Social,1804.88
2025-03-28,Colombia,Organic_Colombia,Organic,676.5
2025-03-28,Colombia,Paid_Search_Colombia,Paid_Search,1450.98
2025-03-28,Colombia,Social_Colombia,Social,603.17
2025-03-28,Argentina,Organic_Argentina,Organic,1040.38
2025-03-28,Argentina,Paid_Search_Argentina,Paid_Search,1955.53
2025-03-28,Argentina,Social_Argentina,Social,1475.66
2025-03-29,Mexico,Organic_Mexico,Organic,2097.19
2025-03-29,Mexico,Paid_Search_Mexico,Paid_Search,2467.24
2025-03-29,Mexico,Social_Mexico,Social,2769.14
2025-03-29,Colombia,Organic_Colombia,Organic,2802.7
2025-03-29,Colombia,Paid_Search_Colombia,Paid_Search,1921.42
2025-03-29,Colombia,Social_Colombia,Social,1391.51
2025-03-29,Argentina,Organic_Argentina,Organic,2417.71
2025-03-29,Argentina,Paid_Search_Argentina,Paid_Search,650.12
2025-03-29,Argentina,Social_Argentina,Social,1490.41
2025-03-30,Mexico,Organic_Mexico,Organic,828.11
2025-03-30,Mexico,Paid_Search_Mexico,Paid_Search,1731.35
2025-03-30,Mexico,Social_Mexico,Social,2408.97
2025-03-30,Colombia,Organic_Colombia,Organic,2629.57
2025-03-30,Colombia,Paid_Search_Colombia,Paid_Search,2563.4
2025-03-30,Colombia,Social_Colombia,Social,882.63
2025-03-30,Argentina,Organic_Argentina,Organic,2458.53
2025-03-30,Argentina,Paid_Search_Argentina,Paid_Search,1744.8
2025-03-30,Argentina,Social_Argentina,Social,1358.22
2025-03-31,Mexico,Organic_Mexico,Organic,2238.17
2025-03-31,Mexico,Paid_Search_Mexico,Paid_Search,2006.13
2025-03-31,Mexico,Social_Mexico,Social,2382.97
2025-03-31,Colombia,Organic_Colombia,Organic,2830.91
2025-03-31,Colombia,Paid_Search_Colombia,Paid_Search,612.18
2025-03-31,Colombia,Social_Colombia,Social,2945.61
2025-03-31,Argentina,Organic_Argentina,Organic,2418.3
2025-03-31,Argentina,Paid_Search_Argentina,Paid_Search,546.85
2025-03-31,Argentina,Social_Argentina,Social,2293.72
2025-04-01,Mexico,Organic_Mexico,Organic,1588.59
2025-04-01,Mexico,Paid_Search_Mexico,Paid_Search,1113.38
2025-04-01,Mexico,Social_Mexico,Social,1004.92
2025-04-01,Colombia,Organic_Colombia,Organic,2226.62
2025-04-01,Colombia,Paid_Search_Colombia,Paid_Search,1794.02
2025-04-01,Colombia,Social_Colombia,Social,1141.43
2025-04-01,Argentina,Organic_Argentina,Organic,2836.63
2025-04-01,Argentina,Paid_Search_Argentina,Paid_Search,2381.43
2025-04-01,Argentina,Social_Argentina,Social,1662.12
2025-04-02,Mexico,Organic_Mexico,Organic,2618.67
2025-04-02,Mexico,Paid_Search_Mexico,Paid_Search,1565.52
2025-04-02,Mexico,Social_Mexico,Social,1646.79
2025-04-02,Colombia,Organic_Colombia,Organic,1088.54
2025-04-02,Colombia,Paid_Search_Colombia,Paid_Search,2135.97
2025-04-02,Colombia,Social_Colombia,Social,1699.24
2025-04-02,Argentina,Organic_Argentina,Organic,776.65
2025-04-02,Argentina,Paid_Search_Argentina,Paid_Search,872.62
2025-04-02,Argentina,Social_Argentina,Social,1359.38
2025-04-03,Mexico,Organic_Mexico,Organic,2079.1
2025-04-03,Mexico,Paid_Search_Mexico,Paid_Search,955.01
2025-04-03,Mexico,Social_Mexico,Social,2603.31
2025-04-03,Colombia,Organic_Colombia,Organic,1772.7
2025-04-03,Colombia,Paid_Search_Colombia,Paid_Search,1264.02
2025-04-03,Colombia,Social_Colombia,Social,2888.12
2025-04-03,Argentina,Organic_Argentina,Organic,2828.62
2025-04-03,Argentina,Paid_Search_Argentina,Paid_Search,2405.88
2025-04-03,Argentina,Social_Argentina,Social,2451.95
2025-04-04,Mexico,Organic_Mexico,Organic,2924.95
2025-04-04,Mexico,Paid_Search_Mexico,Paid_Search,2188.7
2025-04-04,Mexico,Social_Mexico,Social,1919.23
2025-04-04,Colombia,Organic_Colombia,Organic,1496.64
2025-04-04,Colombia,Paid_Search_Colombia,Paid_Search,1294.32
2025-04-04,Colombia,Social_Colombia,Social,743.49
2025-04-04,Argentina,Organic_Argentina,Organic,842.11
2025-04-04,Argentina,Paid_Search_Argentina,Paid_Search,2195.9
2025-04-04,Argentina,Social_Argentina,Social,630.78
2025-04-05,Mexico,Organic_Mexico,Organic,2611.13
2025-04-05,Mexico,Paid_Search_Mexico,Paid_Search,1982.97
2025-04-05,Mexico,Social_Mexico,Social,1488.23
2025-04-05,Colombia,Organic_Colombia,Organic,2063.86
2025-04-05,Colombia,Paid_Search_Colombia,Paid_Search,1965.5
2025-04-05,Colombia,Social_Colombia,Social,2317.42
2025-04-05,Argentina,Organic_Argentina,Organic,977.94
2025-04-05,Argentina,Paid_Search_Argentina,Paid_Search,2456.57
2025-04-05,Argentina,Social_Argentina,Social,2613.24
2025-04-06,Mexico,Organic_Mexico,Organic,1191.92
2025-04-06,Mexico,Paid_Search_Mexico,Paid_Search,1584.45
2025-04-06,Mexico,Social_Mexico,Social,2009.39
2025-04-06,Colombia,Organic_Colombia,Organic,1242.79
2025-04-06,Colombia,Paid_Search_Colombia,Paid_Search,1284.26
2025-04-06,Colombia,Social_Colombia,Social,1281.05
2025-04-06,Argentina,Organic_Argentina,Organic,981.91
2025-04-06,Argentina,Paid_Search_Argentina,Paid_Search,2044.79
2025-04-06,Argentina,Social_Argentina,Social,1670.75
2025-04-07,Mexico,Organic_Mexico,Organic,2833.06
2025-04-07,Mexico,Paid_Search_Mexico,Paid_Search,1068.41
2025-04-07,Mexico,Social_Mexico,Social,1571.1
2025-04-07,Colombia,Organic_Colombia,Organic,2024.73
2025-04-07,Colombia,Paid_Search_Colombia,Paid_Search,730.82
2025-04-07,Colombia,Social_Colombia,Social,1831.64
2025-04-07,Argentina,Organic_Argentina,Organic,1489.46
2025-04-07,Argentina,Paid_Search_Argentina,Paid_Search,1423.21
2025-04-07,Argentina,Social_Argentina,Social,788.44
2025-04-08,Mexico,Organic_Mexico,Organic,1619.03
2025-04-08,Mexico,Paid_Search_Mexico,Paid_Search,2997.21
2025-04-08,Mexico,Social_Mexico,Social,2306.55
2025-04-08,Colombia,Organic_Colombia,Organic,2706.41
2025-04-08,Colombia,Paid_Search_Colombia,Paid_Search,803.34
2025-04-08,Colombia,Social_Colombia,Social,905.32
2025-04-08,Argentina,Organic_Argentina,Organic,959.84
2025-04-08,Argentina,Paid_Search_Argentina,Paid_Search,2825.69
2025-04-08,Argentina,Social_Argentina,Social,2267.89
2025-04-09,Mexico,Organic_Mexico,Organic,821.65
2025-04-09,Mexico,Paid_Search_Mexico,Paid_Search,2675.0
2025-04-09,Mexico,Social_Mexico,Social,2186.09
2025-04-09,Colombia,Organic_Colombia,Organic,1466.77
2025-04-09,Colombia,Paid_Search_Colombia,Paid_Search,2843.17
2025-04-09,Colombia,Social_Colombia,Social,2524.52
2025-04-09,Argentina,Organic_Argentina,Organic,2084.06
2025-04-09,Argentina,Paid_Search_Argentina,Paid_Search,1620.5
2025-04-09,Argentina,Social_Argentina,Social,1617.24
2025-04-10,Mexico,Organic_Mexico,Organic,530.09
2025-04-10,Mexico,Paid_Search_Mexico,Paid_Search,900.22
2025-04-10,Mexico,Social_Mexico,Social,2985.3
2025-04-10,Colombia,Organic_Colombia,Organic,1457.55
2025-04-10,Colombia,Paid_Search_Colombia,Paid_Search,605.02
2025-04-10,Colombia,Social_Colombia,Social,836.96
2025-04-10,Argentina,Organic_Argentina,Organic,1568.67
2025-04-10,Argentina,Paid_Search_Argentina,Paid_Search,568.23
2025-04-10,Argentina,Social_Argentina,Social,2641.67
2025-04-11,Mexico,Organic_Mexico,Organic,648.7
2025-04-11,Mexico,Paid_Search_Mexico,Paid_Search,1998.4
2025-04-11,Mexico,Social_Mexico,Social,1019.84
2025-04-11,Colombia,Organic_Colombia,Organic,1094.33
2025-04-11,Colombia,Paid_Search_Colombia,Paid_Search,1805.77
2025-04-11,Colombia,Social_Colombia,Social,1248.96
2025-04-11,Argentina,Organic_Argentina,Organic,2797.2
2025-04-11,Argentina,Paid_Search_Argentina,Paid_Search,1975.86
2025-04-11,Argentina,Social_Argentina,Social,529.41
2025-04-12,Mexico,Organic_Mexico,Organic,2544.38
2025-04-12,Mexico,Paid_Search_Mexico,Paid_Search,2012.43
2025-04-12,Mexico,Social_Mexico,Social,1096.23
2025-04-12,Colombia,Organic_Colombia,Organic,1141.81
2025-04-12,Colombia,Paid_Search_Colombia,Paid_Search,2129.3
2025-04-12,Colombia,Social_Colombia,Social,2552.18
2025-04-12,Argentina,Organic_Argentina,Organic,1722.17
2025-04-12,Argentina,Paid_Search_Argentina,Paid_Search,1648.06
2025-04-12,Argentina,Social_Argentina,Social,2414.69
2025-04-13,Mexico,Organic_Mexico,Organic,998.5
2025-04-13,Mexico,Paid_Search_Mexico,Paid_Search,1146.51
2025-04-13,Mexico,Social_Mexico,Social,1792.3
2025-04-13,Colombia,Organic_Colombia,Organic,2781.69
2025-04-13,Colombia,Paid_Search_Colombia,Paid_Search,1282.75
2025-04-13,Colombia,Social_Colombia,Social,1714.96
2025-04-13,Argentina,Organic_Argentina,Organic,1755.88
2025-04-13,Argentina,Paid_Search_Argentina,Paid_Search,750.85
2025-04-13,Argentina,Social_Argentina,Social,1189.58
2025-04-14,Mexico,Organic_Mexico,Organic,937.27
2025-04-14,Mexico,Paid_Search_Mexico,Paid_Search,770.89
2025-04-14,Mexico,Social_Mexico,Social,2972.83
2025-04-14,Colombia,Organic_Colombia,Organic,1280.83
2025-04-14,Colombia,Paid_Search_Colombia,Paid_Search,1254.61
2025-04-14,Colombia,Social_Colombia,Social,825.87
2025-04-14,Argentina,Organic_Argentina,Organic,1502.33
2025-04-14,Argentina,Paid_Search_Argentina,Paid_Search,2821.06
2025-04-14,Argentina,Social_Argentina,Social,640.98
2025-04-15,Mexico,Organic_Mexico,Organic,1494.61
2025-04-15,Mexico,Paid_Search_Mexico,Paid_Search,2547.24
2025-04-15,Mexico,Social_Mexico,Social,2941.47
2025-04-15,Colombia,Organic_Colombia,Organic,2850.39
2025-04-15,Colombia,Paid_Search_Colombia,Paid_Search,1051.63
2025-04-15,Colombia,Social_Colombia,Social,1246.96
2025-04-15,Argentina,Organic_Argentina,Organic,2435.64
2025-04-15,Argentina,Paid_Search_Argentina,Paid_Search,1064.27
2025-04-15,Argentina,Social_Argentina,Social,1838.18
2025-04-16,Mexico,Organic_Mexico,Organic,822.63
2025-04-16,Mexico,Paid_Search_Mexico,Paid_Search,594.56
2025-04-16,Mexico,Social_Mexico,Social,948.58
2025-04-16,Colombia,Organic_Colombia,Organic,608.25
2025-04-16,Colombia,Paid_Search_Colombia,Paid_Search,2566.05
2025-04-16,Colombia,Social_Colombia,Social,566.53
2025-04-16,Argentina,Organic_Argentina,Organic,847.78
2025-04-16,Argentina,Paid_Search_Argentina,Paid_Search,1056.46
2025-04-16,Argentina,Social_Argentina,Social,645.59
2025-04-17,Mexico,Organic_Mexico,Organic,1281.69
2025-04-17,Mexico,Paid_Search_Mexico,Paid_Search,1679.03
2025-04-17,Mexico,Social_Mexico,Social,2613.53
2025-04-17,Colombia,Organic_Colombia,Organic,2718.5
2025-04-17,Colombia,Paid_Search_Colombia,Paid_Search,1376.71
2025-04-17,Colombia,Social_Colombia,Social,2544.17
2025-04-17,Argentina,Organic_Argentina,Organic,552.76
2025-04-17,Argentina,Paid_Search_Argentina,Paid_Search,1927.66
2025-04-17,Argentina,Social_Argentina,Social,1120.11
2025-04-18,Mexico,Organic_Mexico,Organic,1331.29
2025-04-18,Mexico,Paid_Search_Mexico,Paid_Search,685.69
2025-04-18,Mexico,Social_Mexico,Social,1292.88
2025-04-18,Colombia,Organic_Colombia,Organic,2001.17
2025-04-18,Colombia,Paid_Search_Colombia,Paid_Search,1531.17
2025-04-18,Colombia,Social_Colombia,Social,1802.53
2025-04-18,Argentina,Organic_Argentina,Organic,1837.64
2025-04-18,Argentina,Paid_Search_Argentina,Paid_Search,737.35
2025-04-18,Argentina,Social_Argentina,Social,2963.99
2025-04-19,Mexico,Organic_Mexico,Organic,1911.35
2025-04-19,Mexico,Paid_Search_Mexico,Paid_Search,889.34
2025-04-19,Mexico,Social_Mexico,Social,1271.51
2025-04-19,Colombia,Organic_Colombia,Organic,1733.01
2025-04-19,Colombia,Paid_Search_Colombia,Paid_Search,2511.43
2025-04-19,Colombia,Social_Colombia,Social,2611.02
2025-04-19,Argentina,Organic_Argentina,Organic,1592.65
2025-04-19,Argentina,Paid_Search_Argentina,Paid_Search,1288.65
2025-04-19,Argentina,Social_Argentina,Social,1978.68
2025-04-20,Mexico,Organic_Mexico,Organic,1284.19
2025-04-20,Mexico,Paid_Search_Mexico,Paid_Search,1876.04
2025-04-20,Mexico,Social_Mexico,Social,1303.59
2025-04-20,Colombia,Organic_Colombia,Organic,1141.41
2025-04-20,Colombia,Paid_Search_Colombia,Paid_Search,1852.97
2025-04-20,Colombia,Social_Colombia,Social,1523.78
2025-04-20,Argentina,Organic_Argentina,Organic,1053.53
2025-04-20,Argentina,Paid_Search_Argentina,Paid_Search,1063.51
2025-04-20,Argentina,Social_Argentina,Social,1976.55
2025-04-21,Mexico,Organic_Mexico,Organic,2272.37
2025-04-21,Mexico,Paid_Search_Mexico,Paid_Search,2996.17
2025-04-21,Mexico,Social_Mexico,Social,2565.03
2025-04-21,Colombia,Organic_Colombia,Organic,1006.44
2025-04-21,Colombia,Paid_Search_Colombia,Paid_Search,777.23
2025-04-21,Colombia,Social_Colombia,Social,741.92
2025-04-21,Argentina,Organic_Argentina,Organic,2822.89
2025-04-21,Argentina,Paid_Search_Argentina,Paid_Search,567.44
2025-04-21,Argentina,Social_Argentina,Social,923.22
2025-04-22,Mexico,Organic_Mexico,Organic,1893.79
2025-04-22,Mexico,Paid_Search_Mexico,Paid_Search,908.37
2025-04-22,Mexico,Social_Mexico,Social,2442.91
2025-04-22,Colombia,Organic_Colombia,Organic,1680.74
2025-04-22,Colombia,Paid_Search_Colombia,Paid_Search,2481.71
2025-04-22,Colombia,Social_Colombia,Social,1095.04
2025-04-22,Argentina,Organic_Argentina,Organic,2823.71
2025-04-22,Argentina,Paid_Search_Argentina,Paid_Search,1944.43
2025-04-22,Argentina,Social_Argentina,Social,1433.06
2025-04-23,Mexico,Organic_Mexico,Organic,1129.78
2025-04-23,Mexico,Paid_Search_Mexico,Paid_Search,614.26
2025-04-23,Mexico,Social_Mexico,Social,1129.52
2025-04-23,Colombia,Organic_Colombia,Organic,1262.89
2025-04-23,Colombia,Paid_Search_Colombia,Paid_Search,666.44
2025-04-23,Colombia,Social_Colombia,Social,1829.06
2025-04-23,Argentina,Organic_Argentina,Organic,1700.03
2025-04-23,Argentina,Paid_Search_Argentina,Paid_Search,2611.31
2025-04-23,Argentina,Social_Argentina,Social,533.26
2025-04-24,Mexico,Organic_Mexico,Organic,2044.46
2025-04-24,Mexico,Paid_Search_Mexico,Paid_Search,1488.65
2025-04-24,Mexico,Social_Mexico,Social,2084.1
2025-04-24,Colombia,Organic_Colombia,Organic,1018.16
2025-04-24,Colombia,Paid_Search_Colombia,Paid_Search,1690.43
2025-04-24,Colombia,Social_Colombia,Social,654.09
2025-04-24,Argentina,Organic_Argentina,Organic,2186.89
2025-04-24,Argentina,Paid_Search_Argentina,Paid_Search,562.54
2025-04-24,Argentina,Social_Argentina,Social,2036.86
2025-04-25,Mexico,Organic_Mexico,Organic,2386.72
2025-04-25,Mexico,Paid_Search_Mexico,Paid_Search,1969.2
2025-04-25,Mexico,Social_Mexico,Social,2703.03
2025-04-25,Colombia,Organic_Colombia,Organic,1766.91
2025-04-25,Colombia,Paid_Search_Colombia,Paid_Search,1306.41
2025-04-25,Colombia,Social_Colombia,Social,875.18
2025-04-25,Argentina,Organic_Argentina,Organic,2080.03
2025-04-25,Argentina,Paid_Search_Argentina,Paid_Search,1599.28
2025-04-25,Argentina,Social_Argentina,Social,2734.16
2025-04-26,Mexico,Organic_Mexico,Organic,948.6
2025-04-26,Mexico,Paid_Search_Mexico,Paid_Search,1633.72
2025-04-26,Mexico,Social_Mexico,Social,1312.54
2025-04-26,Colombia,Organic_Colombia,Organic,1813.5
2025-04-26,Colombia,Paid_Search_Colombia,Paid_Search,2839.17
2025-04-26,Colombia,Social_Colombia,Social,2264.98
2025-04-26,Argentina,Organic_Argentina,Organic,1003.21
2025-04-26,Argentina,Paid_Search_Argentina,Paid_Search,611.18
2025-04-26,Argentina,Social_Argentina,Social,1541.78
2025-04-27,Mexico,Organic_Mexico,Organic,925.58
2025-04-27,Mexico,Paid_Search_Mexico,Paid_Search,1453.88
2025-04-27,Mexico,Social_Mexico,Social,1422.36
2025-04-27,Colombia,Organic_Colombia,Organic,2570.16
2025-04-27,Colombia,Paid_Search_Colombia,Paid_Search,2326.63
2025-04-27,Colombia,Social_Colombia,Social,785.18
2025-04-27,Argentina,Organic_Argentina,Organic,1933.99
2025-04-27,Argentina,Paid_Search_Argentina,Paid_Search,2424.53
2025-04-27,Argentina,Social_Argentina,Social,735.66
2025-04-28,Mexico,Organic_Mexico,Organic,2818.57
2025-04-28,Mexico,Paid_Search_Mexico,Paid_Search,1961.82
2025-04-28,Mexico,Social_Mexico,Social,2663.32
2025-04-28,Colombia,Organic_Colombia,Organic,1066.53
2025-04-28,Colombia,Paid_Search_Colombia,Paid_Search,1300.17
2025-04-28,Colombia,Social_Colombia,Social,2651.21
2025-04-28,Argentina,Organic_Argentina,Organic,585.09
2025-04-28,Argentina,Paid_Search_Argentina,Paid_Search,670.13
2025-04-28,Argentina,Social_Argentina,Social,2376.12
2025-04-29,Mexico,Organic_Mexico,Organic,1225.31
2025-04-29,Mexico,Paid_Search_Mexico,Paid_Search,2709.97
2025-04-29,Mexico,Social_Mexico,Social,1925.3
2025-04-29,Colombia,Organic_Colombia,Organic,1671.9
2025-04-29,Colombia,Paid_Search_Colombia,Paid_Search,1337.15
2025-04-29,Colombia,Social_Colombia,Social,1267.94
2025-04-29,Argentina,Organic_Argentina,Organic,1610.19
2025-04-29,Argentina,Paid_Search_Argentina,Paid_Search,1890.25
2025-04-29,Argentina,Social_Argentina,Social,1623.33
2025-04-30,Mexico,Organic_Mexico,Organic,2916.94
2025-04-30,Mexico,Paid_Search_Mexico,Paid_Search,1338.84
2025-04-30,Mexico,Social_Mexico,Social,1012.43
2025-04-30,Colombia,Organic_Colombia,Organic,2917.53
2025-04-30,Colombia,Paid_Search_Colombia,Paid_Search,935.46
2025-04-30,Colombia,Social_Colombia,Social,1029.55
2025-04-30,Argentina,Organic_Argentina,Organic,846.33
2025-04-30,Argentina,Paid_Search_Argentina,Paid_Search,864.43
2025-04-30,Argentina,Social_Argentina,Social,1739.55
2025-05-01,Mexico,Organic_Mexico,Organic,2851.59
2025-05-01,Mexico,Paid_Search_Mexico,Paid_Search,569.82
2025-05-01,Mexico,Social_Mexico,Social,2902.12
2025-05-01,Colombia,Organic_Colombia,Organic,2406.33
2025-05-01,Colombia,Paid_Search_Colombia,Paid_Search,2467.79
2025-05-01,Colombia,Social_Colombia,Social,2588.51
2025-05-01,Argentina,Organic_Argentina,Organic,1148.26
2025-05-01,Argentina,Paid_Search_Argentina,Paid_Search,1649.66
2025-05-01,Argentina,Social_Argentina,Social,2990.09
2025-05-02,Mexico,Organic_Mexico,Organic,605.99
2025-05-02,Mexico,Paid_Search_Mexico,Paid_Search,2974.84
2025-05-02,Mexico,Social_Mexico,Social,1826.62
2025-05-02,Colombia,Organic_Colombia,Organic,2704.59
2025-05-02,Colombia,Paid_Search_Colombia,Paid_Search,687.9
2025-05-02,Colombia,Social_Colombia,Social,2240.67
2025-05-02,Argentina,Organic_Argentina,Organic,1571.99
2025-05-02,Argentina,Paid_Search_Argentina,Paid_Search,788.42
2025-05-02,Argentina,Social_Argentina,Social,2324.18
2025-05-03,Mexico,Organic_Mexico,Organic,1490.89
2025-05-03,Mexico,Paid_Search_Mexico,Paid_Search,2040.14
2025-05-03,Mexico,Social_Mexico,Social,2587.21
2025-05-03,Colombia,Organic_Colombia,Organic,1548.25
2025-05-03,Colombia,Paid_Search_Colombia,Paid_Search,769.59
2025-05-03,Colombia,Social_Colombia,Social,1734.17
2025-05-03,Argentina,Organic_Argentina,Organic,2776.26
2025-05-03,Argentina,Paid_Search_Argentina,Paid_Search,2382.16
2025-05-03,Argentina,Social_Argentina,Social,1460.05
2025-05-04,Mexico,Organic_Mexico,Organic,1466.42
2025-05-04,Mexico,Paid_Search_Mexico,Paid_Search,1065.01
2025-05-04,Mexico,Social_Mexico,Social,700.87
2025-05-04,Colombia,Organic_Colombia,Organic,2029.19
2025-05-04,Colombia,Paid_Search_Colombia,Paid_Search,1132.92
2025-05-04,Colombia,Social_Colombia,Social,1393.33
2025-05-04,Argentina,Organic_Argentina,Organic,2161.7
2025-05-04,Argentina,Paid_Search_Argentina,Paid_Search,1178.2
2025-05-04,Argentina,Social_Argentina,Social,2052.55
2025-05-05,Mexico,Organic_Mexico,Organic,648.03
2025-05-05,Mexico,Paid_Search_Mexico,Paid_Search,915.69
2025-05-05,Mexico,Social_Mexico,Social,2725.8
2025-05-05,Colombia,Organic_Colombia,Organic,2207.26
2025-05-05,Colombia,Paid_Search_Colombia,Paid_Search,2463.91
2025-05-05,Colombia,Social_Colombia,Social,2980.48
2025-05-05,Argentina,Organic_Argentina,Organic,2492.03
2025-05-05,Argentina,Paid_Search_Argentina,Paid_Search,1409.26
2025-05-05,Argentina,Social_Argentina,Social,2637.56
2025-05-06,Mexico,Organic_Mexico,Organic,1336.86
2025-05-06,Mexico,Paid_Search_Mexico,Paid_Search,2663.57
2025-05-06,Mexico,Social_Mexico,Social,946.67
2025-05-06,Colombia,Organic_Colombia,Organic,520.49
2025-05-06,Colombia,Paid_Search_Colombia,Paid_Search,1042.26
2025-05-06,Colombia,Social_Colombia,Social,653.36
2025-05-06,Argentina,Organic_Argentina,Organic,2611.16
2025-05-06,Argentina,Paid_Search_Argentina,Paid_Search,1580.81
2025-05-06,Argentina,Social_Argentina,Social,1228.31
2025-05-07,Mexico,Organic_Mexico,Organic,2014.7
2025-05-07,Mexico,Paid_Search_Mexico,Paid_Search,2238.21
2025-05-07,Mexico,Social_Mexico,Social,722.6
2025-05-07,Colombia,Organic_Colombia,Organic,1674.2
2025-05-07,Colombia,Paid_Search_Colombia,Paid_Search,1327.55
2025-05-07,Colombia,Social_Colombia,Social,2228.71
2025-05-07,Argentina,Organic_Argentina,Organic,2772.91
2025-05-07,Argentina,Paid_Search_Argentina,Paid_Search,2061.54
2025-05-07,Argentina,Social_Argentina,Social,2218.4
2025-05-08,Mexico,Organic_Mexico,Organic,1128.41
2025-05-08,Mexico,Paid_Search_Mexico,Paid_Search,2908.08
2025-05-08,Mexico,Social_Mexico,Social,2143.51
2025-05-08,Colombia,Organic_Colombia,Organic,1892.26
2025-05-08,Colombia,Paid_Search_Colombia,Paid_Search,536.75
2025-05-08,Colombia,Social_Colombia,Social,1977.14
2025-05-08,Argentina,Organic_Argentina,Organic,2741.98
2025-05-08,Argentina,Paid_Search_Argentina,Paid_Search,1489.06
2025-05-08,Argentina,Social_Argentina,Social,2060.3
2025-05-09,Mexico,Organic_Mexico,Organic,2806.78
2025-05-09,Mexico,Paid_Search_Mexico,Paid_Search,846.95
2025-05-09,Mexico,Social_Mexico,Social,2427.19
2025-05-09,Colombia,Organic_Colombia,Organic,2252.03
2025-05-09,Colombia,Paid_Search_Colombia,Paid_Search,1082.27
2025-05-09,Colombia,Social_Colombia,Social,2115.25
2025-05-09,Argentina,Organic_Argentina,Organic,2696.62
2025-05-09,Argentina,Paid_Search_Argentina,Paid_Search,528.67
2025-05-09,Argentina,Social_Argentina,Social,2486.07
2025-05-10,Mexico,Organic_Mexico,Organic,943.36
2025-05-10,Mexico,Paid_Search_Mexico,Paid_Search,2752.24
2025-05-10,Mexico,Social_Mexico,Social,1276.47
2025-05-10,Colombia,Organic_Colombia,Organic,986.84
2025-05-10,Colombia,Paid_Search_Colombia,Paid_Search,1028.75
2025-05-10,Colombia,Social_Colombia,Social,2922.73
2025-05-10,Argentina,Organic_Argentina,Organic,2902.08
2025-05-10,Argentina,Paid_Search_Argentina,Paid_Search,1284.93
2025-05-10,Argentina,Social_Argentina,Social,1796.13
2025-05-11,Mexico,Organic_Mexico,Organic,1870.08
2025-05-11,Mexico,Paid_Search_Mexico,Paid_Search,2289.29
2025-05-11,Mexico,Social_Mexico,Social,716.33
2025-05-11,Colombia,Organic_Colombia,Organic,2304.82
2025-05-11,Colombia,Paid_Search_Colombia,Paid_Search,1421.99
2025-05-11,Colombia,Social_Colombia,Social,2824.1
2025-05-11,Argentina,Organic_Argentina,Organic,2695.02
2025-05-11,Argentina,Paid_Search_Argentina,Paid_Search,677.93
2025-05-11,Argentina,Social_Argentina,Social,677.76
2025-05-12,Mexico,Organic_Mexico,Organic,1340.68
2025-05-12,Mexico,Paid_Search_Mexico,Paid_Search,948.06
2025-05-12,Mexico,Social_Mexico,Social,2736.4
2025-05-12,Colombia,Organic_Colombia,Organic,2519.44
2025-05-12,Colombia,Paid_Search_Colombia,Paid_Search,896.64
2025-05-12,Colombia,Social_Colombia,Social,1514.16
2025-05-12,Argentina,Organic_Argentina,Organic,1437.93
2025-05-12,Argentina,Paid_Search_Argentina,Paid_Search,1738.81
2025-05-12,Argentina,Social_Argentina,Social,2890.26
2025-05-13,Mexico,Organic_Mexico,Organic,1353.06
2025-05-13,Mexico,Paid_Search_Mexico,Paid_Search,1463.94
2025-05-13,Mexico,Social_Mexico,Social,2993.12
2025-05-13,Colombia,Organic_Colombia,Organic,1160.03
2025-05-13,Colombia,Paid_Search_Colombia,Paid_Search,569.62
2025-05-13,Colombia,Social_Colombia,Social,1713.05
2025-05-13,Argentina,Organic_Argentina,Organic,2682.01
2025-05-13,Argentina,Paid_Search_Argentina,Paid_Search,1562.02
2025-05-13,Argentina,Social_Argentina,Social,1491.82
2025-05-14,Mexico,Organic_Mexico,Organic,555.63
2025-05-14,Mexico,Paid_Search_Mexico,Paid_Search,1828.94
2025-05-14,Mexico,Social_Mexico,Social,904.55
2025-05-14,Colombia,Organic_Colombia,Organic,2494.83
2025-05-14,Colombia,Paid_Search_Colombia,Paid_Search,1619.94
2025-05-14,Colombia,Social_Colombia,Social,1461.46
2025-05-14,Argentina,Organic_Argentina,Organic,1480.95
2025-05-14,Argentina,Paid_Search_Argentina,Paid_Search,744.87
2025-05-14,Argentina,Social_Argentina,Social,1588.79
2025-05-15,Mexico,Organic_Mexico,Organic,2692.4
2025-05-15,Mexico,Paid_Search_Mexico,Paid_Search,2424.47
2025-05-15,Mexico,Social_Mexico,Social,1111.38
2025-05-15,Colombia,Organic_Colombia,Organic,2601.03
2025-05-15,Colombia,Paid_Search_Colombia,Paid_Search,1583.01
2025-05-15,Colombia,Social_Colombia,Social,1759.73
2025-05-15,Argentina,Organic_Argentina,Organic,935.04
2025-05-15,Argentina,Paid_Search_Argentina,Paid_Search,2161.22
2025-05-15,Argentina,Social_Argentina,Social,1669.26
2025-05-16,Mexico,Organic_Mexico,Organic,649.84
2025-05-16,Mexico,Paid_Search_Mexico,Paid_Search,534.47
2025-05-16,Mexico,Social_Mexico,Social,2039.43
2025-05-16,Colombia,Organic_Colombia,Organic,2047.01
2025-05-16,Colombia,Paid_Search_Colombia,Paid_Search,2685.95
2025-05-16,Colombia,Social_Colombia,Social,2198.65
2025-05-16,Argentina,Organic_Argentina,Organic,1048.0
2025-05-16,Argentina,Paid_Search_Argentina,Paid_Search,2579.89
2025-05-16,Argentina,Social_Argentina,Social,2551.62
2025-05-17,Mexico,Organic_Mexico,Organic,1267.54
2025-05-17,Mexico,Paid_Search_Mexico,Paid_Search,1339.37
2025-05-17,Mexico,Social_Mexico,Social,806.06
2025-05-17,Colombia,Organic_Colombia,Organic,584.3
2025-05-17,Colombia,Paid_Search_Colombia,Paid_Search,864.29
2025-05-17,Colombia,Social_Colombia,Social,1205.25
2025-05-17,Argentina,Organic_Argentina,Organic,953.03
2025-05-17,Argentina,Paid_Search_Argentina,Paid_Search,1343.76
2025-05-17,Argentina,Social_Argentina,Social,1654.8
2025-05-18,Mexico,Organic_Mexico,Organic,2719.56
2025-05-18,Mexico,Paid_Search_Mexico,Paid_Search,1818.64
2025-05-18,Mexico,Social_Mexico,Social,1877.49
2025-05-18,Colombia,Organic_Colombia,Organic,2298.38
2025-05-18,Colombia,Paid_Search_Colombia,Paid_Search,2778.11
2025-05-18,Colombia,Social_Colombia,Social,1700.56
2025-05-18,Argentina,Organic_Argentina,Organic,2334.63
2025-05-18,Argentina,Paid_Search_Argentina,Paid_Search,794.44
2025-05-18,Argentina,Social_Argentina,Social,1774.99
2025-05-19,Mexico,Organic_Mexico,Organic,850.81
2025-05-19,Mexico,Paid_Search_Mexico,Paid_Search,590.59
2025-05-19,Mexico,Social_Mexico,Social,2756.35
2025-05-19,Colombia,Organic_Colombia,Organic,2231.17
2025-05-19,Colombia,Paid_Search_Colombia,Paid_Search,553.81
2025-05-19,Colombia,Social_Colombia,Social,974.02
2025-05-19,Argentina,Organic_Argentina,Organic,1508.45
2025-05-19,Argentina,Paid_Search_Argentina,Paid_Search,2645.5
2025-05-19,Argentina,Social_Argentina,Social,2103.7
2025-05-20,Mexico,Organic_Mexico,Organic,2505.21
2025-05-20,Mexico,Paid_Search_Mexico,Paid_Search,2822.48
2025-05-20,Mexico,Social_Mexico,Social,2785.53
2025-05-20,Colombia,Organic_Colombia,Organic,2737.81
2025-05-20,Colombia,Paid_Search_Colombia,Paid_Search,2262.06
2025-05-20,Colombia,Social_Colombia,Social,2934.23
2025-05-20,Argentina,Organic_Argentina,Organic,2849.67
2025-05-20,Argentina,Paid_Search_Argentina,Paid_Search,1692.0
2025-05-20,Argentina,Social_Argentina,Social,2513.88
2025-05-21,Mexico,Organic_Mexico,Organic,2833.98
2025-05-21,Mexico,Paid_Search_Mexico,Paid_Search,1621.4
2025-05-21,Mexico,Social_Mexico,Social,2366.04
2025-05-21,Colombia,Organic_Colombia,Organic,872.31
2025-05-21,Colombia,Paid_Search_Colombia,Paid_Search,2826.54
2025-05-21,Colombia,Social_Colombia,Social,1030.9
2025-05-21,Argentina,Organic_Argentina,Organic,2192.94
2025-05-21,Argentina,Paid_Search_Argentina,Paid_Search,1247.04
2025-05-21,Argentina,Social_Argentina,Social,2490.14
2025-05-22,Mexico,Organic_Mexico,Organic,1672.35
2025-05-22,Mexico,Paid_Search_Mexico,Paid_Search,1100.08
2025-05-22,Mexico,Social_Mexico,Social,1029.89
2025-05-22,Colombia,Organic_Colombia,Organic,1720.72
2025-05-22,Colombia,Paid_Search_Colombia,Paid_Search,1336.49
2025-05-22,Colombia,Social_Colombia,Social,1603.92
2025-05-22,Argentina,Organic_Argentina,Organic,2557.54
2025-05-22,Argentina,Paid_Search_Argentina,Paid_Search,2968.64
2025-05-22,Argentina,Social_Argentina,Social,1678.44
2025-05-23,Mexico,Organic_Mexico,Organic,550.29
2025-05-23,Mexico,Paid_Search_Mexico,Paid_Search,1009.53
2025-05-23,Mexico,Social_Mexico,Social,1282.33
2025-05-23,Colombia,Organic_Colombia,Organic,2696.41
2025-05-23,Colombia,Paid_Search_Colombia,Paid_Search,1322.1
2025-05-23,Colombia,Social_Colombia,Social,678.08
2025-05-23,Argentina,Organic_Argentina,Organic,1732.6
2025-05-23,Argentina,Paid_Search_Argentina,Paid_Search,1618.97
2025-05-23,Argentina,Social_Argentina,Social,2098.07
2025-05-24,Mexico,Organic_Mexico,Organic,1797.3
2025-05-24,Mexico,Paid_Search_Mexico,Paid_Search,1545.07
2025-05-24,Mexico,Social_Mexico,Social,2735.86
2025-05-24,Colombia,Organic_Colombia,Organic,1695.92
2025-05-24,Colombia,Paid_Search_Colombia,Paid_Search,1887.03
2025-05-24,Colombia,Social_Colombia,Social,625.91
2025-05-24,Argentina,Organic_Argentina,Organic,1519.57
2025-05-24,Argentina,Paid_Search_Argentina,Paid_Search,2622.36
2025-05-24,Argentina,Social_Argentina,Social,2281.24
2025-05-25,Mexico,Organic_Mexico,Organic,2387.31
2025-05-25,Mexico,Paid_Search_Mexico,Paid_Search,1069.36
2025-05-25,Mexico,Social_Mexico,Social,799.66
2025-05-25,Colombia,Organic_Colombia,Organic,2647.84
2025-05-25,Colombia,Paid_Search_Colombia,Paid_Search,1784.58
2025-05-25,Colombia,Social_Colombia,Social,2853.59
2025-05-25,Argentina,Organic_Argentina,Organic,2834.03
2025-05-25,Argentina,Paid_Search_Argentina,Paid_Search,2488.85
2025-05-25,Argentina,Social_Argentina,Social,2240.36
2025-05-26,Mexico,Organic_Mexico,Organic,2653.76
2025-05-26,Mexico,Paid_Search_Mexico,Paid_Search,1351.59
2025-05-26,Mexico,Social_Mexico,Social,664.72
2025-05-26,Colombia,Organic_Colombia,Organic,2263.14
2025-05-26,Colombia,Paid_Search_Colombia,Paid_Search,1254.68
2025-05-26,Colombia,Social_Colombia,Social,2071.61
2025-05-26,Argentina,Organic_Argentina,Organic,2906.99
2025-05-26,Argentina,Paid_Search_Argentina,Paid_Search,1369.21
2025-05-26,Argentina,Social_Argentina,Social,2606.24
2025-05-27,Mexico,Organic_Mexico,Organic,1656.06
2025-05-27,Mexico,Paid_Search_Mexico,Paid_Search,1246.68
2025-05-27,Mexico,Social_Mexico,Social,1206.19
2025-05-27,Colombia,Organic_Colombia,Organic,2432.6
2025-05-27,Colombia,Paid_Search_Colombia,Paid_Search,582.61
2025-05-27,Colombia,Social_Colombia,Social,2443.26
2025-05-27,Argentina,Organic_Argentina,Organic,1926.89
2025-05-27,Argentina,Paid_Search_Argentina,Paid_Search,2790.81
2025-05-27,Argentina,Social_Argentina,Social,1724.43
2025-05-28,Mexico,Organic_Mexico,Organic,2995.5
2025-05-28,Mexico,Paid_Search_Mexico,Paid_Search,1088.51
2025-05-28,Mexico,Social_Mexico,Social,2325.29
2025-05-28,Colombia,Organic_Colombia,Organic,1734.94
2025-05-28,Colombia,Paid_Search_Colombia,Paid_Search,1077.24
2025-05-28,Colombia,Social_Colombia,Social,1405.51
2025-05-28,Argentina,Organic_Argentina,Organic,2205.17
2025-05-28,Argentina,Paid_Search_Argentina,Paid_Search,2309.76
2025-05-28,Argentina,Social_Argentina,Social,2271.87
2025-05-29,Mexico,Organic_Mexico,Organic,1810.75
2025-05-29,Mexico,Paid_Search_Mexico,Paid_Search,2825.93
2025-05-29,Mexico,Social_Mexico,Social,1697.25
2025-05-29,Colombia,Organic_Colombia,Organic,1045.21
2025-05-29,Colombia,Paid_Search_Colombia,Paid_Search,2516.14
2025-05-29,Colombia,Social_Colombia,Social,506.18
2025-05-29,Argentina,Organic_Argentina,Organic,2116.71
2025-05-29,Argentina,Paid_Search_Argentina,Paid_Search,2182.33
2025-05-29,Argentina,Social_Argentina,Social,2670.69
2025-05-30,Mexico,Organic_Mexico,Organic,692.97
2025-05-30,Mexico,Paid_Search_Mexico,Paid_Search,1358.02
2025-05-30,Mexico,Social_Mexico,Social,2506.24
2025-05-30,Colombia,Organic_Colombia,Organic,2334.39
2025-05-30,Colombia,Paid_Search_Colombia,Paid_Search,695.16
2025-05-30,Colombia,Social_Colombia,Social,2092.71
2025-05-30,Argentina,Organic_Argentina,Organic,1859.07
2025-05-30,Argentina,Paid_Search_Argentina,Paid_Search,592.18
2025-05-30,Argentina,Social_Argentina,Social,1191.06
2025-05-31,Mexico,Organic_Mexico,Organic,1942.38
2025-05-31,Mexico,Paid_Search_Mexico,Paid_Search,1467.8
2025-05-31,Mexico,Social_Mexico,Social,1531.98
2025-05-31,Colombia,Organic_Colombia,Organic,1797.42
2025-05-31,Colombia,Paid_Search_Colombia,Paid_Search,562.07
2025-05-31,Colombia,Social_Colombia,Social,2387.6
2025-05-31,Argentina,Organic_Argentina,Organic,2669.41
2025-05-31,Argentina,Paid_Search_Argentina,Paid_Search,1025.37
2025-05-31,Argentina,Social_Argentina,Social,1108.82
2025-06-01,Mexico,Organic_Mexico,Organic,1673.57
2025-06-01,Mexico,Paid_Search_Mexico,Paid_Search,637.16
2025-06-01,Mexico,Social_Mexico,Social,2422.35
2025-06-01,Colombia,Organic_Colombia,Organic,1548.67
2025-06-01,Colombia,Paid_Search_Colombia,Paid_Search,612.13
2025-06-01,Colombia,Social_Colombia,Social,1717.04
2025-06-01,Argentina,Organic_Argentina,Organic,2189.52
2025-06-01,Argentina,Paid_Search_Argentina,Paid_Search,2548.87
2025-06-01,Argentina,Social_Argentina,Social,993.65
2025-06-02,Mexico,Organic_Mexico,Organic,934.5
2025-06-02,Mexico,Paid_Search_Mexico,Paid_Search,2367.47
2025-06-02,Mexico,Social_Mexico,Social,1462.54
2025-06-02,Colombia,Organic_Colombia,Organic,2681.38
2025-06-02,Colombia,Paid_Search_Colombia,Paid_Search,1023.03
2025-06-02,Colombia,Social_Colombia,Social,1836.83
2025-06-02,Argentina,Organic_Argentina,Organic,2387.47
2025-06-02,Argentina,Paid_Search_Argentina,Paid_Search,1930.52
2025-06-02,Argentina,Social_Argentina,Social,1031.22
2025-06-03,Mexico,Organic_Mexico,Organic,1565.05
2025-06-03,Mexico,Paid_Search_Mexico,Paid_Search,2135.76
2025-06-03,Mexico,Social_Mexico,Social,2859.48
2025-06-03,Colombia,Organic_Colombia,Organic,2588.45
2025-06-03,Colombia,Paid_Search_Colombia,Paid_Search,712.35
2025-06-03,Colombia,Social_Colombia,Social,922.31
2025-06-03,Argentina,Organic_Argentina,Organic,2925.69
2025-06-03,Argentina,Paid_Search_Argentina,Paid_Search,958.07
2025-06-03,Argentina,Social_Argentina,Social,1508.93
2025-06-04,Mexico,Organic_Mexico,Organic,1536.77
2025-06-04,Mexico,Paid_Search_Mexico,Paid_Search,2973.71
2025-06-04,Mexico,Social_Mexico,Social,1561.77
2025-06-04,Colombia,Organic_Colombia,Organic,2483.33
2025-06-04,Colombia,Paid_Search_Colombia,Paid_Search,501.11
2025-06-04,Colombia,Social_Colombia,Social,2420.58
2025-06-04,Argentina,Organic_Argentina,Organic,1363.94
2025-06-04,Argentina,Paid_Search_Argentina,Paid_Search,2422.22
2025-06-04,Argentina,Social_Argentina,Social,2890.15
2025-06-05,Mexico,Organic_Mexico,Organic,2492.62
2025-06-05,Mexico,Paid_Search_Mexico,Paid_Search,2019.64
2025-06-05,Mexico,Social_Mexico,Social,2219.87
2025-06-05,Colombia,Organic_Colombia,Organic,2299.54
2025-06-05,Colombia,Paid_Search_Colombia,Paid_Search,597.26
2025-06-05,Colombia,Social_Colombia,Social,1469.55
2025-06-05,Argentina,Organic_Argentina,Organic,2236.3
2025-06-05,Argentina,Paid_Search_Argentina,Paid_Search,523.77
2025-06-05,Argentina,Social_Argentina,Social,2544.31
2025-06-06,Mexico,Organic_Mexico,Organic,1610.46
2025-06-06,Mexico,Paid_Search_Mexico,Paid_Search,2842.06
2025-06-06,Mexico,Social_Mexico,Social,1239.46
2025-06-06,Colombia,Organic_Colombia,Organic,2780.37
2025-06-06,Colombia,Paid_Search_Colombia,Paid_Search,1257.14
2025-06-06,Colombia,Social_Colombia,Social,2852.37
2025-06-06,Argentina,Organic_Argentina,Organic,2485.9
2025-06-06,Argentina,Paid_Search_Argentina,Paid_Search,1014.75
2025-06-06,Argentina,Social_Argentina,Social,2983.78
2025-06-07,Mexico,Organic_Mexico,Organic,2390.92
2025-06-07,Mexico,Paid_Search_Mexico,Paid_Search,2486.44
2025-06-07,Mexico,Social_Mexico,Social,1639.31
2025-06-07,Colombia,Organic_Colombia,Organic,2888.17
2025-06-07,Colombia,Paid_Search_Colombia,Paid_Search,1153.74
2025-06-07,Colombia,Social_Colombia,Social,1937.7
2025-06-07,Argentina,Organic_Argentina,Organic,1116.45
2025-06-07,Argentina,Paid_Search_Argentina,Paid_Search,2597.03
2025-06-07,Argentina,Social_Argentina,Social,2492.18
2025-06-08,Mexico,Organic_Mexico,Organic,1674.24
2025-06-08,Mexico,Paid_Search_Mexico,Paid_Search,1887.81
2025-06-08,Mexico,Social_Mexico,Social,2762.42
2025-06-08,Colombia,Organic_Colombia,Organic,2909.76
2025-06-08,Colombia,Paid_Search_Colombia,Paid_Search,502.16
2025-06-08,Colombia,Social_Colombia,Social,807.17
2025-06-08,Argentina,Organic_Argentina,Organic,1893.47
2025-06-08,Argentina,Paid_Search_Argentina,Paid_Search,2700.21
2025-06-08,Argentina,Social_Argentina,Social,2005.16
2025-06-09,Mexico,Organic_Mexico,Organic,1256.45
2025-06-09,Mexico,Paid_Search_Mexico,Paid_Search,2957.49
2025-06-09,Mexico,Social_Mexico,Social,1123.02
2025-06-09,Colombia,Organic_Colombia,Organic,1037.71
2025-06-09,Colombia,Paid_Search_Colombia,Paid_Search,1611.78
2025-06-09,Colombia,Social_Colombia,Social,2854.66
2025-06-09,Argentina,Organic_Argentina,Organic,762.88
2025-06-09,Argentina,Paid_Search_Argentina,Paid_Search,1101.96
2025-06-09,Argentina,Social_Argentina,Social,2775.27
2025-06-10,Mexico,Organic_Mexico,Organic,2752.72
2025-06-10,Mexico,Paid_Search_Mexico,Paid_Search,1688.89
2025-06-10,Mexico,Social_Mexico,Social,1272.65
2025-06-10,Colombia,Organic_Colombia,Organic,2227.03
2025-06-10,Colombia,Paid_Search_Colombia,Paid_Search,2773.81
2025-06-10,Colombia,Social_Colombia,Social,2018.03
2025-06-10,Argentina,Organic_Argentina,Organic,527.76
2025-06-10,Argentina,Paid_Search_Argentina,Paid_Search,684.98
2025-06-10,Argentina,Social_Argentina,Social,1927.11
2025-06-11,Mexico,Organic_Mexico,Organic,912.34
2025-06-11,Mexico,Paid_Search_Mexico,Paid_Search,524.14
2025-06-11,Mexico,Social_Mexico,Social,2277.27
2025-06-11,Colombia,Organic_Colombia,Organic,2112.63
2025-06-11,Colombia,Paid_Search_Colombia,Paid_Search,1298.34
2025-06-11,Colombia,Social_Colombia,Social,2049.25
2025-06-11,Argentina,Organic_Argentina,Organic,986.14
2025-06-11,Argentina,Paid_Search_Argentina,Paid_Search,1927.7
2025-06-11,Argentina,Social_Argentina,Social,2579.28
2025-06-12,Mexico,Organic_Mexico,Organic,2889.05
2025-06-12,Mexico,Paid_Search_Mexico,Paid_Search,1598.76
2025-06-12,Mexico,Social_Mexico,Social,1243.83
2025-06-12,Colombia,Organic_Colombia,Organic,1308.91
2025-06-12,Colombia,Paid_Search_Colombia,Paid_Search,1044.05
2025-06-12,Colombia,Social_Colombia,Social,1803.99
2025-06-12,Argentina,Organic_Argentina,Organic,1384.07
2025-06-12,Argentina,Paid_Search_Argentina,Paid_Search,2984.53
2025-06-12,Argentina,Social_Argentina,Social,2811.33
2025-06-13,Mexico,Organic_Mexico,Organic,2211.3
2025-06-13,Mexico,Paid_Search_Mexico,Paid_Search,1032.4
2025-06-13,Mexico,Social_Mexico,Social,1603.73
2025-06-13,Colombia,Organic_Colombia,Organic,543.52
2025-06-13,Colombia,Paid_Search_Colombia,Paid_Search,1228.95
2025-06-13,Colombia,Social_Colombia,Social,1898.16
2025-06-13,Argentina,Organic_Argentina,Organic,2306.18
2025-06-13,Argentina,Paid_Search_Argentina,Paid_Search,942.08
2025-06-13,Argentina,Social_Argentina,Social,2132.96
2025-06-14,Mexico,Organic_Mexico,Organic,1816.1
2025-06-14,Mexico,Paid_Search_Mexico,Paid_Search,820.87
2025-06-14,Mexico,Social_Mexico,Social,1961.57
2025-06-14,Colombia,Organic_Colombia,Organic,604.16
2025-06-14,Colombia,Paid_Search_Colombia,Paid_Search,2595.35
2025-06-14,Colombia,Social_Colombia,Social,1715.34
2025-06-14,Argentina,Organic_Argentina,Organic,2427.72
2025-06-14,Argentina,Paid_Search_Argentina,Paid_Search,518.16
2025-06-14,Argentina,Social_Argentina,Social,2533.02
2025-06-15,Mexico,Organic_Mexico,Organic,2553.92
2025-06-15,Mexico,Paid_Search_Mexico,Paid_Search,1021.85
2025-06-15,Mexico,Social_Mexico,Social,1814.57
2025-06-15,Colombia,Organic_Colombia,Organic,2891.53
2025-06-15,Colombia,Paid_Search_Colombia,Paid_Search,2538.57
2025-06-15,Colombia,Social_Colombia,Social,731.83
2025-06-15,Argentina,Organic_Argentina,Organic,1865.91
2025-06-15,Argentina,Paid_Search_Argentina,Paid_Search,2844.48
2025-06-15,Argentina,Social_Argentina,Social,2870.27
2025-06-16,Mexico,Organic_Mexico,Organic,2795.74
2025-06-16,Mexico,Paid_Search_Mexico,Paid_Search,2636.82
2025-06-16,Mexico,Social_Mexico,Social,1619.8
2025-06-16,Colombia,Organic_Colombia,Organic,1126.89
2025-06-16,Colombia,Paid_Search_Colombia,Paid_Search,2119.47
2025-06-16,Colombia,Social_Colombia,Social,1008.3
2025-06-16,Argentina,Organic_Argentina,Organic,732.09
2025-06-16,Argentina,Paid_Search_Argentina,Paid_Search,992.57
2025-06-16,Argentina,Social_Argentina,Social,2621.25
2025-06-17,Mexico,Organic_Mexico,Organic,1076.9
2025-06-17,Mexico,Paid_Search_Mexico,Paid_Search,2611.28
2025-06-17,Mexico,Social_Mexico,Social,559.38
2025-06-17,Colombia,Organic_Colombia,Organic,2806.85
2025-06-17,Colombia,Paid_Search_Colombia,Paid_Search,2593.84
2025-06-17,Colombia,Social_Colombia,Social,2328.96
2025-06-17,Argentina,Organic_Argentina,Organic,1307.51
2025-06-17,Argentina,Paid_Search_Argentina,Paid_Search,842.72
2025-06-17,Argentina,Social_Argentina,Social,841.3
2025-06-18,Mexico,Organic_Mexico,Organic,1378.56
2025-06-18,Mexico,Paid_Search_Mexico,Paid_Search,1116.95
2025-06-18,Mexico,Social_Mexico,Social,954.14
2025-06-18,Colombia,Organic_Colombia,Organic,814.26
2025-06-18,Colombia,Paid_Search_Colombia,Paid_Search,2220.44
2025-06-18,Colombia,Social_Colombia,Social,802.92
2025-06-18,Argentina,Organic_Argentina,Organic,2457.2
2025-06-18,Argentina,Paid_Search_Argentina,Paid_Search,2445.88
2025-06-18,Argentina,Social_Argentina,Social,2330.78
2025-06-19,Mexico,Organic_Mexico,Organic,1956.53
2025-06-19,Mexico,Paid_Search_Mexico,Paid_Search,749.69
2025-06-19,Mexico,Social_Mexico,Social,1757.67
2025-06-19,Colombia,Organic_Colombia,Organic,863.35
2025-06-19,Colombia,Paid_Search_Colombia,Paid_Search,1876.5
2025-06-19,Colombia,Social_Colombia,Social,832.89
2025-06-19,Argentina,Organic_Argentina,Organic,936.72
2025-06-19,Argentina,Paid_Search_Argentina,Paid_Search,1731.35
2025-06-19,Argentina,Social_Argentina,Social,785.3
2025-06-20,Mexico,Organic_Mexico,Organic,1653.3
2025-06-20,Mexico,Paid_Search_Mexico,Paid_Search,664.77
2025-06-20,Mexico,Social_Mexico,Social,2609.28
2025-06-20,Colombia,Organic_Colombia,Organic,1980.55
2025-06-20,Colombia,Paid_Search_Colombia,Paid_Search,2529.79
2025-06-20,Colombia,Social_Colombia,Social,691.0
2025-06-20,Argentina,Organic_Argentina,Organic,1517.75
2025-06-20,Argentina,Paid_Search_Argentina,Paid_Search,2499.17
2025-06-20,Argentina,Social_Argentina,Social,1106.19
2025-06-21,Mexico,Organic_Mexico,Organic,1279.96
2025-06-21,Mexico,Paid_Search_Mexico,Paid_Search,2906.57
2025-06-21,Mexico,Social_Mexico,Social,1648.41
2025-06-21,Colombia,Organic_Colombia,Organic,644.86
2025-06-21,Colombia,Paid_Search_Colombia,Paid_Search,2932.41
2025-06-21,Colombia,Social_Colombia,Social,501.2
2025-06-21,Argentina,Organic_Argentina,Organic,2446.27
2025-06-21,Argentina,Paid_Search_Argentina,Paid_Search,2395.77
2025-06-21,Argentina,Social_Argentina,Social,1958.27
2025-06-22,Mexico,Organic_Mexico,Organic,2326.95
2025-06-22,Mexico,Paid_Search_Mexico,Paid_Search,645.63
2025-06-22,Mexico,Social_Mexico,Social,2318.65
2025-06-22,Colombia,Organic_Colombia,Organic,2624.19
2025-06-22,Colombia,Paid_Search_Colombia,Paid_Search,2886.89
2025-06-22,Colombia,Social_Colombia,Social,2249.27
2025-06-22,Argentina,Organic_Argentina,Organic,1051.75
2025-06-22,Argentina,Paid_Search_Argentina,Paid_Search,1208.51
2025-06-22,Argentina,Social_Argentina,Social,2971.94
2025-06-23,Mexico,Organic_Mexico,Organic,1971.96
2025-06-23,Mexico,Paid_Search_Mexico,Paid_Search,1971.58
2025-06-23,Mexico,Social_Mexico,Social,2203.73
2025-06-23,Colombia,Organic_Colombia,Organic,2112.28
2025-06-23,Colombia,Paid_Search_Colombia,Paid_Search,1505.72
2025-06-23,Colombia,Social_Colombia,Social,2059.52
2025-06-23,Argentina,Organic_Argentina,Organic,2223.45
2025-06-23,Argentina,Paid_Search_Argentina,Paid_Search,1762.47
2025-06-23,Argentina,Social_Argentina,Social,1278.59
2025-06-24,Mexico,Organic_Mexico,Organic,613.19
2025-06-24,Mexico,Paid_Search_Mexico,Paid_Search,753.98
2025-06-24,Mexico,Social_Mexico,Social,1732.11
2025-06-24,Colombia,Organic_Colombia,Organic,2177.79
2025-06-24,Colombia,Paid_Search_Colombia,Paid_Search,2921.33
2025-06-24,Colombia,Social_Colombia,Social,2656.93
2025-06-24,Argentina,Organic_Argentina,Organic,874.55
2025-06-24,Argentina,Paid_Search_Argentina,Paid_Search,1275.32
2025-06-24,Argentina,Social_Argentina,Social,1307.17
2025-06-25,Mexico,Organic_Mexico,Organic,2716.71
2025-06-25,Mexico,Paid_Search_Mexico,Paid_Search,1350.21
2025-06-25,Mexico,Social_Mexico,Social,1153.8
2025-06-25,Colombia,Organic_Colombia,Organic,971.62
2025-06-25,Colombia,Paid_Search_Colombia,Paid_Search,1223.97
2025-06-25,Colombia,Social_Colombia,Social,972.8
2025-06-25,Argentina,Organic_Argentina,Organic,2107.53
2025-06-25,Argentina,Paid_Search_Argentina,Paid_Search,1993.72
2025-06-25,Argentina,Social_Argentina,Social,1721.23
2025-06-26,Mexico,Organic_Mexico,Organic,2477.24
2025-06-26,Mexico,Paid_Search_Mexico,Paid_Search,2638.78
2025-06-26,Mexico,Social_Mexico,Social,2981.76
2025-06-26,Colombia,Organic_Colombia,Organic,1966.94
2025-06-26,Colombia,Paid_Search_Colombia,Paid_Search,1824.4
2025-06-26,Colombia,Social_Colombia,Social,1999.51
2025-06-26,Argentina,Organic_Argentina,Organic,1340.69
2025-06-26,Argentina,Paid_Search_Argentina,Paid_Search,1142.12
2025-06-26,Argentina,Social_Argentina,Social,2637.71
2025-06-27,Mexico,Organic_Mexico,Organic,2044.12
2025-06-27,Mexico,Paid_Search_Mexico,Paid_Search,2136.52
2025-06-27,Mexico,Social_Mexico,Social,2063.86
2025-06-27,Colombia,Organic_Colombia,Organic,604.2
2025-06-27,Colombia,Paid_Search_Colombia,Paid_Search,543.84
2025-06-27,Colombia,Social_Colombia,Social,1466.38
2025-06-27,Argentina,Organic_Argentina,Organic,1624.72
2025-06-27,Argentina,Paid_Search_Argentina,Paid_Search,1935.25
2025-06-27,Argentina,Social_Argentina,Social,2028.72
2025-06-28,Mexico,Organic_Mexico,Organic,2913.17
2025-06-28,Mexico,Paid_Search_Mexico,Paid_Search,2927.68
2025-06-28,Mexico,Social_Mexico,Social,1489.55
2025-06-28,Colombia,Organic_Colombia,Organic,1609.7
2025-06-28,Colombia,Paid_Search_Colombia,Paid_Search,784.54
2025-06-28,Colombia,Social_Colombia,Social,1680.95
2025-06-28,Argentina,Organic_Argentina,Organic,1510.53
2025-06-28,Argentina,Paid_Search_Argentina,Paid_Search,2740.81
2025-06-28,Argentina,Social_Argentina,Social,861.63
2025-06-29,Mexico,Organic_Mexico,Organic,1606.43
2025-06-29,Mexico,Paid_Search_Mexico,Paid_Search,2064.42
2025-06-29,Mexico,Social_Mexico,Social,1619.55
2025-06-29,Colombia,Organic_Colombia,Organic,2285.99
2025-06-29,Colombia,Paid_Search_Colombia,Paid_Search,550.5
2025-06-29,Colombia,Social_Colombia,Social,999.15
2025-06-29,Argentina,Organic_Argentina,Organic,1267.14
2025-06-29,Argentina,Paid_Search_Argentina,Paid_Search,2719.41
2025-06-29,Argentina,Social_Argentina,Social,621.01
